ACC_X,ACC_Y,ACC_Z
-253.784180,551.147461,795.227051
-251.403809,556.915283,795.227051
-251.403809,556.915283,795.227051
-251.403809,550.872803,792.022705
-249.847412,550.872803,792.022705
-249.847412,550.872803,792.022705
-249.847412,549.774170,798.431396
-246.368408,549.774170,798.431396
-246.368408,549.774170,798.431396
-246.368408,553.070068,798.522949
-255.615234,553.070068,798.522949
-255.615234,553.070068,798.522949
-255.615234,547.485352,792.205811
-256.805420,547.485352,792.205811
-256.805420,547.485352,792.205811
-257.080078,543.457031,789.184570
-257.080078,543.457031,789.184570
-257.080078,543.457031,789.184570
-248.291016,550.689697,789.642334
-248.291016,550.689697,789.642334
-248.291016,550.689697,789.642334
-247.558594,552.337646,796.875000
-247.558594,552.337646,796.875000
-247.558594,552.337646,796.875000
-245.544434,551.971436,796.966553
-245.544434,551.971436,796.966553
-245.544434,551.971436,773.529053
-250.122070,550.231934,795.227051
-250.122070,550.231934,795.227051
-250.122070,550.231934,791.015625
-252.410889,548.950195,791.015625
-252.410889,548.950195,791.015625
-252.410889,548.950195,792.755127
-250.396729,548.583984,792.755127
-250.396729,548.583984,792.755127
-250.396729,548.583984,792.022705
-248.565674,551.513672,792.022705
-248.565674,551.513672,792.022705
-248.565674,557.098389,794.677734
-250.122070,557.098389,794.677734
-250.122070,557.098389,794.677734
-250.122070,551.971436,787.170410
-256.164551,551.971436,787.170410
-256.164551,551.971436,787.170410
-256.164551,545.745850,786.987305
-258.636475,545.745850,786.987305
-258.636475,545.745850,786.987305
-258.636475,542.724609,783.782959
-256.896973,542.724609,783.782959
-256.896973,542.724609,783.782959
-256.896973,548.217773,788.360596
-249.114990,548.217773,788.360596
-249.114990,548.217773,788.360596
-250.854492,545.928955,792.846680
-250.854492,545.928955,792.846680
-250.854492,545.928955,792.846680
-253.143311,549.591064,792.846680
-253.143311,549.591064,792.846680
-253.143311,549.591064,792.846680
-248.382568,548.950195,795.776367
-248.382568,548.950195,795.776367
-248.382568,548.950195,795.776367
-249.389648,551.422119,795.593262
-249.389648,551.422119,795.593262
-249.389648,551.422119,795.593262
-249.389648,550.323486,792.846680
-249.389648,550.323486,792.846680
-249.389648,550.323486,792.846680
-251.495361,549.957275,791.015625
-251.495361,549.957275,791.015625
-251.495361,549.957275,793.487549
-252.136230,551.605225,793.487549
-252.136230,551.605225,793.487549
-252.136230,551.605225,788.360596
-254.425049,549.957275,788.360596
-254.425049,549.957275,788.360596
-254.425049,550.506592,798.248291
-249.481201,550.506592,798.248291
-247.283936,554.168701,796.417236
-247.283936,554.168701,796.417236
-247.283936,554.168701,796.417236
-251.129150,552.886963,795.684814
-251.129150,552.886963,795.684814
-251.129150,552.886963,795.684814
-257.354736,550.872803,797.424316
-257.354736,550.872803,797.424316
-257.354736,550.872803,797.149658
-257.720947,549.591064,797.149658
-257.720947,549.591064,797.149658
-257.720947,549.591064,797.790527
-250.396729,553.344727,797.790527
-247.192383,545.104980,792.846680
-247.192383,545.104980,792.846680
-247.192383,545.104980,793.212891
-248.291016,551.605225,793.212891
-248.291016,551.605225,793.212891
-252.044678,545.196533,787.902832
-252.044678,545.196533,787.902832
-252.044678,546.020508,795.593262
-250.122070,546.020508,795.593262
-250.122070,553.070068,798.797607
-251.220703,553.070068,798.797607
-251.220703,553.070068,775.360107
-253.326416,547.119141,790.191650
-253.326416,547.119141,790.191650
-253.326416,547.210693,797.607422
-249.114990,547.210693,797.607422
-249.114990,547.210693,797.607422
-254.425049,549.774170,788.360596
-254.425049,549.774170,788.360596
-254.425049,551.788330,788.726807
-253.143311,551.788330,788.726807
-253.143311,551.788330,788.726807
-254.791260,555.633545,789.093018
-254.791260,555.633545,789.093018
-254.791260,555.633545,793.212891
-254.699707,551.330566,793.212891
-254.699707,551.330566,793.212891
-246.917725,551.239014,791.198730
-246.917725,551.239014,791.198730
-246.917725,552.795410,792.388916
-249.023438,552.795410,792.388916
-249.023438,552.795410,792.388916
-251.495361,549.957275,793.579102
-251.495361,549.957275,793.579102
-251.495361,549.957275,793.579102
-253.417969,545.562744,792.297363
-253.417969,545.562744,792.297363
-253.417969,545.562744,792.297363
-249.114990,551.422119,794.494629
-249.114990,551.422119,794.494629
-249.114990,551.422119,794.494629
-252.410889,552.612305,795.318604
-252.410889,552.612305,795.318604
-252.410889,552.612305,795.318604
-254.974365,547.393799,792.205811
-254.974365,547.393799,792.205811
-254.974365,548.767090,791.564941
-251.586914,548.767090,791.564941
-251.586914,548.767090,791.564941
-251.403809,549.774170,793.853760
-251.403809,549.774170,793.853760
-251.403809,546.020508,792.663574
-250.488281,546.020508,792.663574
-250.488281,546.020508,792.663574
-247.650146,549.224854,792.205811
-247.650146,549.224854,792.205811
-247.650146,549.224854,815.643311
-252.868652,553.802490,798.522949
-252.868652,553.802490,798.522949
-256.530762,543.731689,793.670654
-256.530762,543.731689,793.670654
-256.530762,543.731689,790.557861
-248.382568,544.647217,790.557861
-248.382568,544.647217,795.776367
-252.593994,551.239014,795.776367
-252.593994,548.400879,791.656494
-256.622314,548.400879,791.656494
-256.622314,545.837402,789.642334
-254.425049,545.837402,789.642334
-254.425049,545.837402,789.642334
-258.911133,547.119141,792.663574
-258.911133,547.119141,792.663574
-235.473633,548.767090,792.114258
-247.192383,548.767090,792.114258
-240.692139,546.844482,794.677734
-240.692139,546.844482,794.677734
-240.692139,546.844482,797.424316
-252.960205,547.668457,797.424316
-252.960205,547.668457,792.572021
-256.347656,549.957275,792.572021
-256.347656,549.957275,792.572021
-254.425049,541.351318,796.508789
-254.425049,541.351318,796.508789
-254.425049,541.351318,796.508789
-248.382568,549.041748,794.860840
-248.382568,549.041748,792.022705
-253.051758,546.752930,792.022705
-253.051758,546.752930,792.022705
-253.051758,548.583984,793.579102
-249.847412,548.583984,793.579102
-249.847412,548.583984,789.459229
-250.488281,553.070068,789.459229
-250.488281,553.070068,789.459229
-250.488281,555.633545,794.494629
-255.615234,555.633545,794.494629
-255.615234,555.633545,794.494629
-255.615234,557.098389,802.917480
-253.417969,557.098389,802.917480
-253.417969,557.098389,795.867920
-255.706787,548.034668,795.867920
-255.706787,548.034668,795.867920
-255.706787,554.534912,794.677734
-254.791260,554.534912,794.677734
-254.791260,554.534912,791.839600
-253.509521,553.161621,791.839600
-253.509521,553.161621,791.839600
-253.509521,551.330566,790.924072
-251.770020,551.330566,790.924072
-251.770020,551.330566,791.015625
-252.136230,544.647217,791.015625
-252.136230,544.647217,791.015625
-252.136230,553.344727,797.973633
-248.565674,553.344727,797.973633
-248.565674,553.344727,797.973633
-254.241943,544.189453,788.635254
-254.241943,544.189453,788.635254
-254.241943,544.189453,788.635254
-259.918213,549.499512,786.437988
-259.918213,549.499512,786.437988
-252.410889,550.323486,786.621094
-252.410889,550.323486,786.621094
-252.410889,550.323486,786.621094
-246.459961,548.767090,792.297363
-246.459961,548.767090,792.297363
-246.459961,543.548584,790.924072
-249.572754,543.548584,790.924072
-249.572754,543.548584,794.769287
-255.981445,549.407959,794.769287
-255.981445,549.407959,794.769287
-255.981445,549.407959,793.853760
-256.988525,550.964355,793.853760
-256.988525,550.964355,793.853760
-256.988525,548.858643,791.473389
-252.319336,548.858643,791.473389
-252.319336,548.858643,791.473389
-251.953125,550.415039,800.262451
-251.953125,550.415039,800.262451
-251.953125,550.415039,800.262451
-251.312256,545.379639,794.036865
-251.312256,545.379639,794.036865
-254.425049,555.267334,795.135498
-254.425049,555.267334,795.135498
-254.425049,550.048828,793.395996
-252.777100,550.048828,793.395996
-252.777100,550.048828,793.395996
-249.023438,550.323486,791.381836
-249.023438,550.323486,791.381836
-249.023438,550.323486,791.381836
-249.023438,546.844482,795.227051
-246.185303,546.844482,795.227051
-246.185303,550.689697,801.818848
-244.995117,550.689697,801.818848
-244.995117,550.689697,795.776367
-259.368896,552.062988,795.776367
-259.368896,552.062988,795.776367
-259.368896,552.062988,791.198730
-251.770020,552.978516,791.198730
-251.770020,552.978516,791.198730
-248.657227,552.062988,786.804199
-248.657227,552.062988,786.804199
-248.657227,552.062988,786.804199
-246.368408,551.696777,785.614014
-246.368408,551.696777,785.614014
-246.368408,551.696777,787.902832
-253.784180,545.654297,787.902832
-253.784180,545.654297,787.902832
-253.784180,545.654297,794.952393
-260.009766,549.499512,794.952393
-260.009766,549.499512,794.952393
-256.805420,552.703857,796.966553
-256.805420,552.703857,796.966553
-256.805420,552.703857,796.966553
-258.819580,546.752930,798.431396
-258.819580,546.752930,798.431396
-258.819580,546.752930,798.431396
-251.495361,542.449951,792.480469
-251.495361,542.449951,792.480469
-251.495361,542.449951,792.480469
-244.995117,553.985596,798.797607
-244.995117,553.985596,798.797607
-244.995117,553.985596,798.797607
-253.784180,548.583984,794.586182
-253.784180,548.583984,794.586182
-277.221680,550.781250,793.121338
-258.453369,550.781250,793.121338
-258.453369,550.781250,793.121338
-258.453369,552.703857,786.712646
-254.974365,552.703857,786.712646
-254.974365,552.703857,792.114258
-250.122070,551.055908,792.114258
-250.122070,551.055908,792.114258
-250.122070,547.393799,791.198730
-247.650146,547.393799,791.198730
-247.650146,547.393799,791.198730
-247.650146,550.231934,797.973633
-249.938965,550.231934,797.973633
-249.938965,550.231934,787.994385
-253.601074,550.506592,787.994385
-253.601074,550.506592,787.994385
-253.601074,548.583984,791.931152
-252.136230,548.583984,791.931152
-252.136230,543.823242,791.198730
-251.403809,543.823242,791.198730
-251.403809,543.823242,791.198730
-254.241943,544.189453,793.487549
-254.241943,544.189453,793.487549
-256.805420,548.309326,794.311523
-256.805420,548.309326,794.311523
-256.805420,548.309326,788.818359
-251.586914,547.119141,788.818359
-251.586914,547.119141,788.818359
-251.586914,550.048828,786.804199
-247.650146,550.048828,786.804199
-247.650146,550.048828,789.001465
-248.748779,546.295166,789.001465
-248.748779,546.295166,789.001465
-248.748779,541.625977,792.297363
-260.009766,541.625977,792.297363
-260.009766,541.625977,794.860840
-250.305176,544.738770,794.860840
-250.305176,544.738770,794.860840
-250.305176,544.738770,795.043945
-246.643066,548.583984,795.043945
-246.643066,548.583984,797.332764
-251.312256,547.943115,797.332764
-251.312256,547.943115,797.332764
-252.227783,544.372559,793.579102
-252.227783,544.372559,793.579102
-252.227783,544.372559,793.579102
-247.833252,547.119141,794.036865
-247.833252,547.119141,794.036865
-254.425049,545.379639,792.297363
-254.425049,545.379639,792.297363
-254.425049,545.379639,792.297363
-254.241943,552.154541,799.163818
-254.241943,552.154541,799.163818
-254.241943,552.154541,775.726318
-254.058838,548.767090,790.100098
-254.058838,549.316406,792.114258
-254.058838,549.316406,792.114258
-254.058838,549.316406,792.114258
-257.446289,549.041748,787.628174
-257.446289,549.041748,787.628174
-257.995605,547.485352,796.234131
-257.995605,547.485352,796.234131
-257.995605,547.485352,796.234131
-257.629395,550.872803,796.600342
-257.629395,550.872803,796.600342
-252.685547,549.407959,794.494629
-252.685547,549.407959,794.494629
-252.685547,549.407959,794.494629
-251.861572,546.661377,790.008545
-251.861572,546.661377,790.008545
-251.861572,546.661377,783.325195
-251.220703,549.591064,783.325195
-251.220703,549.591064,783.325195
-251.220703,549.591064,791.198730
-251.220703,549.591064,791.198730
-253.234863,550.964355,791.198730
-253.234863,550.964355,791.198730
-253.234863,546.752930,794.128418
-254.791260,546.752930,794.128418
-254.791260,546.752930,794.128418
-247.741699,549.774170,792.572021
-247.741699,549.774170,792.572021
-247.741699,549.774170,793.121338
-250.671387,547.393799,793.121338
-250.671387,547.393799,793.121338
-250.671387,550.415039,790.740967
-248.382568,550.415039,790.740967
-248.382568,551.239014,788.177490
-252.593994,551.239014,788.177490
-252.593994,551.239014,795.867920
-250.671387,546.844482,791.748047
-251.495361,546.844482,791.748047
-251.495361,546.844482,791.748047
-251.495361,546.936035,787.078857
-257.080078,546.936035,787.078857
-257.080078,546.936035,787.078857
-257.080078,545.471191,794.403076
-254.150391,545.471191,790.832520
-252.685547,550.323486,790.832520
-252.685547,543.731689,788.269043
-254.241943,543.731689,788.269043
-254.241943,543.731689,788.269043
-250.030518,547.668457,792.388916
-250.030518,547.668457,792.388916
-251.220703,548.400879,792.755127
-251.220703,548.400879,792.755127
-251.220703,548.400879,792.755127
-251.220703,553.253174,791.931152
-256.164551,553.253174,791.931152
-256.164551,553.253174,787.536621
-255.340576,555.816650,787.536621
-255.340576,555.816650,787.536621
-255.340576,555.816650,795.227051
-252.410889,554.168701,795.227051
-252.410889,554.168701,795.227051
-256.530762,549.499512,794.677734
-256.530762,549.499512,794.677734
-256.530762,549.499512,794.677734
-250.671387,542.999268,795.043945
-250.671387,542.999268,795.043945
-250.671387,538.055420,790.008545
-249.572754,538.055420,790.008545
-249.572754,538.055420,790.008545
-250.762939,545.288086,794.769287
-250.762939,545.288086,794.769287
-250.762939,545.288086,794.769287
-254.058838,548.950195,793.029785
-254.058838,548.950195,793.029785
-253.967285,548.858643,792.114258
-253.967285,548.858643,792.114258
-253.967285,548.858643,793.304443
-250.305176,551.147461,793.304443
-250.305176,551.147461,793.304443
-250.305176,548.858643,790.008545
-249.023438,551.788330,796.417236
-249.023438,551.788330,796.417236
-249.023438,551.788330,796.417236
-250.396729,557.373047,796.417236
-250.396729,557.373047,796.417236
-254.425049,546.844482,788.635254
-254.425049,546.844482,788.635254
-254.425049,551.055908,789.184570
-256.713867,551.055908,789.184570
-256.713867,551.055908,789.184570
-249.298096,550.598145,792.114258
-249.298096,550.598145,792.114258
-249.298096,551.879883,791.656494
-249.847412,551.879883,791.656494
-249.847412,551.879883,788.726807
-248.565674,552.978516,788.726807
-248.565674,552.978516,788.726807
-248.565674,539.886475,785.614014
-250.396729,539.886475,785.614014
-250.396729,539.886475,787.719727
-251.220703,547.210693,787.719727
-251.220703,547.210693,787.719727
-251.220703,544.830322,794.494629
-251.037598,544.830322,794.494629
-251.037598,552.154541,801.452637
-241.973877,552.154541,801.452637
-241.973877,552.154541,801.452637
-252.960205,547.943115,795.959473
-252.960205,547.943115,795.959473
-252.960205,547.943115,795.959473
-255.249023,544.830322,787.261963
-255.249023,544.830322,787.261963
-255.249023,544.921875,791.564941
-250.762939,544.921875,791.564941
-250.762939,544.921875,791.564941
-256.164551,546.661377,794.952393
-256.164551,546.661377,794.952393
-256.164551,546.661377,795.227051
-249.572754,553.253174,795.227051
-249.572754,553.253174,795.227051
-249.572754,551.879883,797.424316
-248.748779,551.879883,797.424316
-248.748779,551.879883,794.769287
-248.657227,550.872803,794.769287
-248.657227,550.872803,794.769287
-248.657227,544.097900,789.459229
-251.037598,544.097900,789.459229
-251.037598,544.097900,789.459229
-254.608154,546.936035,790.283203
-254.608154,546.936035,790.283203
-254.608154,546.936035,796.325684
-252.777100,546.112061,796.325684
-252.777100,546.112061,796.325684
-252.777100,546.112061,800.445557
-247.833252,548.950195,800.445557
-247.833252,548.950195,800.445557
-247.833252,541.442871,790.466309
-255.615234,541.442871,790.466309
-255.615234,541.442871,790.466309
-253.143311,551.239014,786.621094
-253.143311,551.239014,786.621094
-253.143311,551.239014,786.621094
-260.101318,554.260254,789.733887
-260.101318,554.260254,789.733887
-260.101318,554.260254,789.733887
-250.305176,551.330566,789.367676
-250.305176,551.330566,789.367676
-250.305176,551.330566,792.938232
-254.241943,552.703857,792.938232
-254.241943,552.703857,792.938232
-255.981445,552.703857,793.212891
-255.981445,552.703857,793.212891
-255.981445,552.703857,793.212891
-257.629395,546.569824,789.916992
-257.629395,546.569824,789.916992
-257.629395,546.569824,794.036865
-253.143311,549.133301,794.036865
-253.143311,549.133301,794.036865
-252.227783,560.394287,800.354004
-252.227783,560.394287,800.354004
-252.227783,560.394287,800.354004
-252.044678,553.527832,803.375244
-252.044678,553.527832,803.375244
-252.044678,553.527832,790.649414
-254.882812,546.936035,790.649414
-254.882812,546.936035,790.649414
-254.882812,548.034668,785.797119
-255.523682,548.034668,785.797119
-255.523682,548.034668,785.797119
-253.234863,554.718018,792.938232
-253.234863,554.718018,792.938232
-253.234863,554.718018,792.938232
-253.967285,548.492432,790.740967
-253.967285,548.492432,790.740967
-253.967285,551.330566,794.036865
-251.861572,551.330566,794.036865
-251.861572,551.330566,794.036865
-251.861572,546.752930,792.022705
-253.417969,546.752930,792.022705
-253.417969,546.752930,793.395996
-246.551514,546.386719,793.395996
-246.551514,546.386719,793.395996
-246.551514,550.048828,793.945312
-249.206543,550.048828,793.945312
-249.206543,550.048828,793.945312
-248.016357,550.140381,793.029785
-248.016357,550.140381,793.029785
-248.016357,550.140381,793.029785
-255.249023,544.830322,787.994385
-255.249023,544.830322,787.994385
-255.249023,544.830322,789.093018
-258.728027,545.104980,789.093018
-258.728027,545.104980,789.093018
-258.728027,545.104980,796.966553
-258.270264,551.055908,796.966553
-258.270264,551.055908,796.966553
-258.270264,551.055908,792.388916
-253.234863,549.407959,792.388916
-253.234863,549.407959,792.388916
-253.234863,552.978516,794.311523
-252.593994,552.978516,794.311523
-252.593994,552.978516,794.311523
-254.058838,543.182373,787.628174
-254.058838,543.182373,787.628174
-254.058838,543.182373,787.628174
-249.572754,545.562744,790.374756
-249.572754,545.562744,790.374756
-249.572754,545.562744,790.374756
-249.298096,547.943115,795.776367
-249.298096,547.943115,795.776367
-249.298096,547.943115,795.776367
-249.206543,551.971436,795.776367
-249.206543,551.971436,795.776367
-249.206543,550.872803,794.036865
-254.058838,550.872803,794.036865
-254.058838,550.872803,794.036865
-248.931885,551.605225,795.684814
-248.931885,551.605225,795.684814
-248.931885,551.605225,787.536621
-249.938965,544.647217,787.536621
-249.938965,544.647217,787.536621
-249.938965,541.351318,785.430908
-254.150391,541.351318,785.430908
-254.150391,541.351318,785.430908
-256.530762,540.435791,792.388916
-256.530762,540.435791,792.388916
-256.530762,540.435791,795.501709
-252.868652,543.731689,795.501709
-252.868652,543.731689,795.501709
-252.868652,551.696777,803.833008
-246.459961,551.696777,803.833008
-246.459961,551.696777,803.833008
-251.678467,547.393799,796.051025
-251.678467,547.393799,796.051025
-251.678467,547.393799,795.776367
-254.058838,552.337646,795.776367
-254.058838,552.337646,795.776367
-254.058838,550.323486,790.557861
-256.896973,550.323486,790.557861
-256.896973,550.323486,790.557861
-256.713867,541.809082,784.606934
-256.713867,541.809082,784.606934
-256.713867,541.809082,787.902832
-254.150391,546.661377,787.902832
-254.150391,546.661377,787.902832
-254.150391,551.879883,793.121338
-250.671387,551.879883,793.121338
-250.671387,551.879883,793.121338
-251.312256,549.224854,793.487549
-251.312256,549.224854,793.487549
-251.312256,549.224854,789.550781
-252.319336,540.893555,789.550781
-252.319336,540.893555,789.550781
-252.319336,555.175781,793.670654
-246.826172,555.175781,793.670654
-246.826172,555.175781,793.670654
-252.593994,549.224854,788.635254
-252.593994,549.224854,788.635254
-252.593994,546.661377,791.931152
-253.326416,546.661377,791.931152
-253.326416,546.661377,791.931152
-255.065918,549.224854,788.543701
-255.065918,549.224854,788.543701
-255.065918,549.224854,788.543701
-253.326416,544.738770,790.466309
-253.326416,544.738770,790.466309
-253.326416,544.738770,792.022705
-252.410889,547.393799,792.022705
-252.410889,547.393799,792.022705
-252.410889,547.393799,793.304443
-251.403809,558.013916,793.304443
-251.403809,558.013916,793.304443
-251.403809,552.795410,792.572021
-254.608154,552.795410,792.572021
-254.608154,552.795410,816.009521
-247.741699,546.752930,797.241211
-247.741699,546.752930,797.241211
-247.741699,544.647217,786.895752
-256.713867,544.647217,786.895752
-256.713867,544.647217,786.895752
-253.967285,544.555664,789.733887
-253.967285,544.555664,789.733887
-253.967285,544.555664,789.550781
-251.220703,554.443359,789.550781
-251.220703,554.443359,789.550781
-251.220703,542.999268,794.586182
-250.122070,542.999268,794.586182
-250.122070,542.999268,794.586182
-250.579834,555.816650,795.776367
-250.579834,555.816650,795.776367
-250.579834,555.816650,792.480469
-252.136230,555.816650,792.480469
-252.136230,555.816650,792.480469
-254.333496,549.133301,787.078857
-254.333496,549.133301,787.078857
-254.333496,549.133301,787.078857
-253.692627,552.429199,793.304443
-253.692627,552.429199,793.304443
-253.692627,552.429199,791.564941
-253.143311,541.809082,791.564941
-253.143311,541.809082,791.564941
-253.143311,551.879883,794.036865
-253.875732,551.879883,794.036865
-253.875732,551.879883,794.036865
-254.333496,552.154541,794.036865
-254.333496,552.154541,794.036865
-254.333496,552.154541,794.036865
-249.938965,552.795410,789.001465
-249.938965,552.795410,789.001465
-249.938965,552.795410,791.107178
-255.065918,550.415039,791.107178
-255.065918,550.415039,791.107178
-255.065918,549.499512,791.748047
-248.931885,549.499512,791.748047
-248.931885,549.499512,791.748047
-248.565674,551.513672,788.726807
-248.565674,551.513672,788.726807
-248.565674,551.513672,792.846680
-250.305176,551.879883,792.846680
-250.305176,551.879883,792.846680
-250.305176,551.696777,796.051025
-252.868652,551.696777,796.051025
-252.868652,551.696777,796.051025
-252.868652,549.865723,796.691895
-250.213623,549.865723,796.691895
-250.213623,549.865723,796.691895
-252.593994,553.619385,799.346924
-252.593994,553.619385,799.346924
-252.593994,553.619385,798.339844
-252.410889,547.668457,798.339844
-252.410889,547.668457,798.339844
-252.410889,547.668457,796.875000
-248.931885,550.689697,796.875000
-248.931885,550.689697,796.875000
-248.931885,549.682617,791.839600
-248.931885,549.682617,791.839600
-248.931885,549.682617,791.839600
-254.974365,550.231934,792.022705
-254.974365,550.231934,792.022705
-254.974365,550.231934,789.733887
-255.523682,547.485352,789.733887
-255.523682,547.485352,789.733887
-255.523682,546.661377,790.649414
-252.593994,546.661377,790.649414
-252.593994,546.661377,790.649414
-254.241943,549.957275,794.952393
-254.241943,549.957275,794.952393
-254.241943,546.661377,793.762207
-256.347656,546.661377,793.762207
-256.347656,546.661377,793.762207
-250.854492,556.732178,794.769287
-250.854492,556.732178,794.769287
-250.854492,556.732178,791.656494
-254.058838,548.034668,791.656494
-254.058838,548.034668,791.656494
-257.171631,552.154541,794.769287
-257.171631,552.154541,794.769287
-257.171631,552.154541,795.318604
-251.678467,553.161621,795.318604
-251.678467,553.161621,795.318604
-251.586914,551.239014,795.227051
-251.586914,551.239014,795.227051
-251.586914,551.239014,795.227051
-253.234863,546.020508,792.572021
-253.234863,546.020508,792.572021
-253.234863,546.020508,787.261963
-253.143311,542.633057,787.261963
-253.143311,542.633057,787.261963
-249.114990,555.999756,789.276123
-249.114990,555.999756,789.276123
-249.114990,555.999756,795.410156
-249.847412,551.971436,795.410156
-249.847412,551.971436,795.410156
-249.847412,563.140869,793.121338
-249.114990,563.140869,793.121338
-249.114990,563.140869,793.121338
-259.185791,544.372559,785.797119
-259.185791,544.372559,785.797119
-259.185791,544.372559,785.797119
-254.150391,545.654297,791.198730
-254.150391,545.654297,791.198730
-254.150391,545.654297,793.304443
-251.495361,556.274414,793.304443
-251.495361,556.274414,793.304443
-251.495361,552.978516,794.586182
-253.051758,552.978516,794.586182
-253.051758,552.978516,794.586182
-255.065918,555.816650,791.107178
-255.065918,555.816650,791.107178
-255.065918,555.816650,795.135498
-249.572754,552.246094,795.135498
-249.572754,552.246094,795.135498
-249.572754,547.210693,793.487549
-256.164551,547.210693,793.487549
-256.164551,547.210693,793.487549
-254.608154,548.309326,795.684814
-254.608154,548.309326,795.684814
-254.608154,548.309326,794.219971
-255.981445,547.210693,794.219971
-255.981445,547.210693,794.219971
-255.981445,554.534912,794.403076
-252.685547,554.534912,794.403076
-252.685547,554.534912,794.403076
-252.410889,549.865723,792.663574
-252.410889,549.865723,792.663574
-252.410889,549.865723,792.663574
-254.425049,558.197021,796.783447
-254.425049,558.197021,796.783447
-254.425049,558.197021,789.825439
-255.889893,547.393799,789.825439
-255.889893,547.393799,789.825439
-255.889893,547.393799,793.670654
-250.946045,546.112061,793.670654
-250.946045,546.112061,793.670654
-250.946045,546.112061,792.572021
-252.960205,551.147461,792.572021
-252.960205,551.147461,792.572021
-252.960205,551.147461,789.916992
-252.410889,547.485352,789.916992
-252.410889,547.485352,789.916992
-252.410889,545.471191,785.705566
-258.636475,545.471191,785.705566
-258.636475,545.471191,785.705566
-258.636475,547.210693,792.205811
-254.425049,547.210693,792.205811
-254.425049,547.210693,792.205811
-254.425049,548.126221,793.579102
-253.051758,548.126221,793.579102
-253.051758,548.126221,793.579102
-276.489258,548.034668,794.494629
-264.221191,548.034668,794.494629
-264.221191,548.034668,794.494629
-253.601074,553.894043,791.564941
-253.601074,553.894043,791.564941
-253.601074,553.894043,791.564941
-256.439209,549.499512,794.769287
-256.439209,549.499512,794.769287
-256.439209,549.499512,794.769287
-247.650146,550.872803,792.572021
-247.650146,550.872803,792.572021
-247.650146,550.872803,792.572021
-252.593994,545.837402,785.888672
-252.593994,545.837402,785.888672
-252.593994,545.837402,785.888672
-251.953125,547.760010,788.543701
-251.953125,547.760010,788.543701
-251.953125,547.760010,788.543701
-248.199463,547.760010,792.022705
-248.199463,547.760010,792.022705
-248.199463,547.760010,792.205811
-255.340576,545.471191,792.205811
-255.340576,545.471191,792.205811
-255.340576,548.126221,791.564941
-252.136230,548.126221,791.564941
-252.136230,548.126221,791.564941
-252.136230,546.386719,786.529541
-248.291016,546.386719,786.529541
-248.291016,546.386719,786.529541
-248.291016,547.210693,791.564941
-249.206543,547.210693,791.564941
-249.206543,547.210693,791.564941
-253.692627,547.302246,791.381836
-253.692627,547.302246,791.381836
-253.692627,547.302246,791.381836
-256.805420,549.957275,788.726807
-256.805420,549.957275,788.726807
-256.805420,549.957275,788.726807
-246.917725,556.732178,793.487549
-246.917725,556.732178,793.487549
-246.917725,556.732178,793.487549
-251.129150,550.415039,794.036865
-251.129150,550.415039,794.036865
-251.129150,550.415039,794.036865
-259.826660,543.365479,792.846680
-259.826660,543.365479,792.846680
-259.826660,543.365479,792.846680
-255.249023,543.090820,790.832520
-255.249023,543.090820,790.832520
-255.249023,543.090820,790.832520
-252.319336,545.745850,792.205811
-252.319336,545.745850,792.205811
-252.319336,545.745850,792.205811
-250.671387,553.710938,797.607422
-250.671387,553.710938,797.607422
-250.671387,553.710938,774.169922
-247.558594,553.436279,794.586182
-247.558594,553.436279,794.586182
-247.558594,553.436279,794.586182
-248.199463,553.527832,786.804199
-248.199463,553.527832,786.804199
-248.199463,553.527832,786.804199
-250.762939,552.978516,794.403076
-250.762939,552.978516,794.403076
-250.762939,552.978516,794.403076
-259.552002,545.288086,793.212891
-259.552002,545.288086,793.212891
-259.552002,545.288086,800.445557
-255.706787,553.161621,800.445557
-255.706787,553.161621,800.445557
-255.706787,553.161621,790.740967
-247.100830,544.555664,790.740967
-247.100830,544.555664,790.740967
-247.100830,544.555664,787.994385
-250.305176,546.661377,787.994385
-250.305176,546.661377,787.994385
-250.305176,546.661377,795.593262
-258.819580,550.598145,795.593262
-258.819580,550.598145,795.593262
-258.819580,550.598145,793.762207
-253.143311,553.253174,793.762207
-253.143311,553.253174,793.762207
-253.143311,553.253174,793.945312
-247.375488,559.020996,793.945312
-247.375488,559.020996,793.945312
-247.375488,556.915283,793.487549
-248.840332,556.915283,793.487549
-248.840332,556.915283,793.487549
-254.699707,547.485352,794.219971
-254.699707,547.485352,794.219971
-254.699707,547.485352,794.219971
-251.678467,552.886963,794.219971
-251.678467,552.886963,794.219971
-251.678467,552.886963,794.219971
-249.389648,548.126221,791.656494
-249.389648,548.126221,791.656494
-249.389648,548.126221,791.656494
-248.199463,547.027588,797.882080
-248.199463,547.027588,797.882080
-248.199463,547.027588,797.882080
-252.777100,543.182373,792.572021
-252.777100,543.182373,792.572021
-252.777100,543.182373,792.572021
-255.249023,549.224854,791.198730
-255.249023,549.224854,791.198730
-255.249023,549.224854,791.198730
-258.453369,542.999268,788.909912
-258.453369,542.999268,788.909912
-258.453369,542.999268,792.846680
-255.798340,547.760010,792.846680
-255.798340,547.760010,792.846680
-255.798340,547.760010,791.107178
-251.586914,552.520752,791.107178
-251.586914,552.520752,791.107178
-251.586914,552.520752,795.043945
-250.488281,549.682617,795.043945
-250.488281,549.682617,795.043945
-250.488281,552.062988,793.304443
-249.023438,552.062988,793.304443
-249.023438,552.062988,793.304443
-249.023438,550.872803,788.635254
-254.150391,550.872803,788.635254
-254.150391,550.598145,790.649414
-249.206543,550.598145,790.649414
-249.206543,550.598145,790.649414
-249.206543,552.246094,792.388916
-252.044678,552.246094,792.388916
-252.044678,552.246094,792.388916
-252.044678,550.872803,798.248291
-255.249023,550.872803,798.248291
-255.249023,550.872803,798.248291
-249.847412,553.894043,793.579102
-249.847412,553.894043,793.579102
-249.847412,553.894043,793.579102
-249.847412,546.844482,786.071777
-257.080078,546.844482,786.071777
-257.080078,546.844482,786.071777
-280.517578,552.246094,788.909912
-259.460449,552.246094,788.909912
-259.460449,552.246094,788.909912
-236.022949,550.872803,791.290283
-255.981445,550.872803,791.290283
-255.981445,550.872803,791.290283
-255.981445,542.907715,791.198730
-252.960205,542.907715,791.198730
-252.960205,542.907715,791.198730
-252.868652,544.189453,793.853760
-252.868652,544.189453,793.853760
-252.868652,544.189453,793.853760
-253.417969,545.745850,794.586182
-253.417969,545.745850,794.586182
-253.417969,545.745850,794.586182
-252.227783,550.231934,792.938232
-252.227783,550.231934,792.938232
-252.227783,550.231934,792.938232
-246.734619,546.936035,794.494629
-246.734619,546.936035,794.494629
-246.734619,546.936035,794.494629
-254.791260,544.738770,794.128418
-254.791260,544.738770,794.128418
-254.791260,544.738770,794.128418
-262.115479,542.816162,797.698975
-262.115479,542.816162,797.698975
-262.115479,542.816162,797.698975
-255.889893,549.682617,793.212891
-255.889893,549.682617,793.212891
-255.889893,549.682617,795.867920
-252.227783,553.710938,795.867920
-252.227783,553.710938,795.867920
-252.227783,553.710938,792.846680
-249.114990,550.689697,792.846680
-249.114990,550.689697,792.846680
-249.114990,552.246094,792.388916
-247.009277,552.246094,792.388916
-247.009277,552.246094,792.388916
-247.009277,548.492432,788.360596
-248.565674,548.492432,788.360596
-248.565674,548.492432,788.360596
-247.375488,550.323486,790.008545
-247.375488,550.323486,790.008545
-247.375488,550.323486,790.008545
-245.086670,548.950195,790.557861
-245.086670,548.950195,790.557861
-245.086670,548.950195,790.557861
-252.960205,546.752930,793.762207
-252.960205,546.752930,793.762207
-252.960205,546.752930,793.762207
-254.608154,552.154541,789.825439
-254.608154,552.154541,789.825439
-254.608154,552.154541,789.825439
-255.981445,551.147461,798.248291
-255.981445,551.147461,798.248291
-255.981445,551.147461,798.248291
-254.333496,549.591064,793.304443
-254.333496,549.591064,793.304443
-254.333496,549.591064,793.304443
-249.755859,550.323486,790.740967
-249.755859,550.323486,790.740967
-249.755859,550.323486,790.740967
-258.819580,542.541504,791.564941
-258.819580,542.541504,791.564941
-258.819580,542.541504,791.564941
-253.051758,551.605225,792.297363
-253.051758,551.605225,792.297363
-253.051758,551.605225,792.297363
-247.283936,552.246094,785.614014
-247.283936,552.246094,785.614014
-247.283936,549.224854,791.473389
-253.234863,549.224854,791.473389
-253.234863,549.224854,791.473389
-253.234863,546.295166,794.677734
-251.037598,546.295166,794.677734
-251.037598,546.295166,794.677734
-251.037598,547.393799,794.311523
-255.523682,547.393799,794.311523
-255.523682,547.393799,794.311523
-255.523682,554.077148,800.811768
-255.340576,554.077148,800.811768
-255.340576,554.077148,800.811768
-278.778076,546.752930,794.860840
-258.544922,546.752930,794.860840
-258.544922,546.752930,794.860840
-235.107422,547.485352,793.762207
-257.080078,547.485352,793.762207
-257.080078,547.485352,793.762207
-257.080078,553.985596,787.261963
-251.403809,553.985596,787.261963
-251.403809,553.985596,787.261963
-249.938965,555.175781,796.325684
-249.938965,555.175781,796.325684
-254.516602,560.668945,792.114258
-254.516602,548.583984,792.114258
-253.509521,548.583984,792.114258
-253.509521,548.583984,792.114258
-254.241943,540.618896,791.839600
-254.241943,540.618896,791.839600
-254.241943,540.618896,794.036865
-248.931885,551.330566,794.036865
-248.931885,551.330566,794.036865
-248.931885,543.090820,787.719727
-249.755859,543.090820,787.719727
-249.755859,543.090820,787.719727
-256.530762,545.562744,792.022705
-256.530762,545.562744,792.022705
-256.530762,545.562744,792.022705
-256.622314,554.901123,796.142578
-256.622314,554.901123,796.142578
-252.319336,549.682617,795.318604
-252.319336,549.682617,795.318604
-252.319336,549.682617,795.318604
-254.516602,545.837402,790.466309
-254.516602,545.837402,790.466309
-254.516602,545.837402,795.227051
-257.354736,548.583984,795.227051
-257.354736,548.583984,795.227051
-257.354736,556.549072,800.537109
-251.220703,556.549072,800.537109
-251.220703,556.549072,800.537109
-253.143311,547.027588,792.114258
-253.143311,547.027588,792.114258
-253.143311,547.027588,792.114258
-250.396729,549.865723,799.346924
-250.396729,549.865723,799.346924
-250.396729,549.865723,794.769287
-255.889893,540.985107,794.769287
-255.889893,540.985107,794.769287
-255.889893,544.097900,793.670654
-252.960205,544.097900,793.670654
-252.960205,544.097900,793.670654
-252.960205,548.309326,790.832520
-253.784180,548.309326,790.832520
-253.784180,548.309326,790.832520
-255.981445,547.210693,791.748047
-255.981445,547.210693,791.748047
-255.981445,547.210693,786.987305
-251.495361,546.112061,786.987305
-251.495361,546.112061,786.987305
-251.495361,546.386719,789.276123
-248.291016,546.386719,789.276123
-248.291016,546.386719,792.663574
-251.312256,544.830322,792.663574
-251.312256,544.830322,792.663574
-251.312256,554.626465,798.339844
-251.037598,554.626465,798.339844
-251.037598,554.626465,798.339844
-251.403809,547.668457,791.290283
-251.403809,547.668457,791.290283
-251.403809,547.668457,791.290283
-252.136230,550.598145,792.755127
-252.136230,550.598145,792.755127
-252.136230,549.041748,802.551270
-249.847412,549.041748,802.551270
-249.847412,549.041748,802.551270
-256.622314,547.119141,792.022705
-256.622314,547.119141,792.022705
-256.622314,547.119141,792.022705
-251.861572,545.013428,792.938232
-251.861572,545.013428,792.938232
-251.861572,545.013428,792.938232
-250.305176,546.112061,793.304443
-250.305176,546.112061,793.304443
-250.305176,546.112061,790.100098
-254.699707,547.668457,790.100098
-254.699707,547.668457,790.100098
-254.699707,552.429199,793.395996
-250.579834,552.429199,793.395996
-250.579834,552.429199,793.395996
-250.579834,549.407959,790.649414
-250.579834,549.407959,790.649414
-250.579834,549.407959,790.649414
-253.784180,534.118652,784.240723
-253.784180,534.118652,784.240723
-253.784180,534.118652,794.494629
-252.136230,539.062500,794.494629
-252.136230,539.062500,794.494629
-252.136230,552.795410,797.241211
-246.093750,552.795410,797.241211
-246.093750,552.795410,797.241211
-246.093750,555.450439,800.354004
-250.305176,555.450439,800.354004
-250.305176,555.450439,800.354004
-253.784180,554.351807,793.304443
-253.784180,554.351807,793.304443
-253.784180,554.351807,816.741943
-256.896973,553.894043,799.072266
-256.896973,553.894043,799.072266
-256.896973,553.894043,799.896240
-254.608154,555.450439,799.896240
-254.608154,555.450439,799.896240
-249.847412,555.908203,800.262451
-249.847412,555.908203,800.262451
-249.847412,555.908203,790.466309
-251.861572,549.774170,790.466309
-251.861572,549.774170,790.466309
-275.299072,551.422119,795.318604
-258.544922,551.422119,795.318604
-258.544922,551.422119,795.318604
-256.439209,545.288086,790.832520
-256.439209,545.288086,790.832520
-256.439209,545.288086,790.832520
-250.213623,546.936035,794.311523
-250.213623,546.936035,794.311523
-250.213623,546.936035,795.776367
-244.171143,551.147461,795.776367
-244.171143,551.147461,795.776367
-244.171143,547.851562,794.677734
-247.558594,547.851562,794.677734
-247.558594,547.851562,794.677734
-250.305176,550.872803,788.909912
-250.305176,550.872803,788.909912
-250.305176,550.872803,788.909912
-252.960205,554.992676,795.684814
-252.960205,554.992676,795.684814
-252.960205,547.943115,796.691895
-252.593994,547.943115,796.691895
-252.593994,547.943115,796.691895
-252.593994,553.161621,791.748047
-249.755859,553.161621,791.748047
-249.755859,553.161621,791.748047
-254.882812,545.928955,785.339355
-254.882812,545.928955,785.339355
-254.882812,545.928955,787.628174
-254.974365,556.091309,787.628174
-254.974365,556.091309,787.628174
-254.974365,558.105469,795.776367
-249.023438,558.105469,795.776367
-249.023438,558.105469,795.776367
-248.474121,551.239014,795.501709
-248.474121,551.239014,795.501709
-248.474121,551.239014,795.501709
-252.044678,550.506592,788.452148
-252.044678,550.506592,788.452148
-252.044678,550.506592,792.846680
-253.326416,547.302246,792.846680
-253.326416,547.302246,792.846680
-253.326416,548.492432,796.417236
-247.467041,548.492432,796.417236
-247.467041,548.492432,796.417236
-247.467041,549.133301,792.114258
-248.474121,549.133301,792.114258
-248.474121,549.133301,792.114258
-254.882812,548.767090,787.353516
-254.882812,548.767090,787.353516
-254.882812,548.767090,787.353516
-252.136230,549.865723,794.769287
-252.136230,549.865723,794.769287
-252.136230,549.865723,788.177490
-255.798340,549.774170,788.177490
-255.798340,549.774170,788.177490
-252.136230,550.964355,788.909912
-252.136230,550.964355,788.909912
-252.136230,550.964355,788.909912
-248.382568,553.802490,792.022705
-248.382568,553.802490,792.022705
-248.382568,553.802490,787.445068
-248.840332,541.076660,787.445068
-248.840332,541.076660,787.445068
-248.840332,541.076660,795.135498
-246.551514,550.048828,795.135498
-246.551514,550.048828,795.135498
-246.551514,550.140381,790.557861
-251.586914,550.140381,790.557861
-251.586914,550.140381,790.557861
-250.579834,554.534912,795.684814
-250.579834,554.534912,795.684814
-250.579834,554.534912,795.684814
-254.150391,545.288086,788.635254
-254.150391,545.288086,788.635254
-254.150391,545.288086,791.839600
-259.643555,555.084229,791.839600
-259.643555,555.084229,791.839600
-259.643555,555.084229,789.093018
-256.439209,546.203613,789.093018
-256.439209,546.203613,789.093018
-256.439209,552.795410,791.473389
-249.114990,552.795410,791.473389
-249.114990,552.795410,791.473389
-253.601074,540.527344,791.564941
-253.601074,540.527344,791.564941
-253.601074,540.527344,791.564941
-254.333496,542.724609,787.353516
-254.333496,542.724609,787.353516
-254.333496,542.724609,794.403076
-249.114990,550.140381,794.403076
-249.114990,550.140381,794.403076
-249.114990,544.281006,791.931152
-255.523682,544.281006,791.931152
-255.523682,544.281006,791.931152
-251.678467,549.407959,789.825439
-251.678467,549.407959,789.825439
-251.678467,549.407959,789.825439
-255.981445,552.337646,790.924072
-255.981445,552.337646,790.924072
-255.981445,552.337646,793.579102
-255.615234,550.598145,793.579102
-255.615234,550.598145,793.579102
-255.615234,555.999756,797.241211
-249.481201,555.999756,797.241211
-249.481201,555.999756,797.241211
-247.833252,554.718018,795.227051
-247.833252,554.718018,795.227051
-247.833252,554.718018,795.227051
-249.481201,554.534912,794.952393
-249.481201,554.534912,794.952393
-249.481201,554.534912,793.304443
-255.065918,550.323486,793.304443
-255.065918,550.323486,793.304443
-255.065918,550.323486,793.945312
-253.784180,552.612305,793.945312
-253.784180,552.612305,793.945312
-253.784180,551.605225,790.832520
-254.241943,551.605225,790.832520
-254.241943,551.605225,790.832520
-255.706787,544.921875,788.452148
-255.706787,544.921875,788.452148
-255.706787,544.921875,788.452148
-255.706787,547.668457,795.043945
-255.157471,547.668457,795.043945
-255.157471,547.668457,795.043945
-255.340576,548.400879,789.733887
-255.340576,548.400879,789.733887
-255.340576,548.400879,789.733887
-247.924805,549.041748,793.212891
-247.924805,549.041748,793.212891
-247.924805,549.041748,816.650391
-244.995117,551.513672,798.065186
-244.995117,551.513672,798.065186
-244.995117,551.513672,795.318604
-251.953125,551.788330,795.318604
-251.953125,551.788330,795.318604
-251.953125,547.943115,794.219971
-250.854492,547.943115,794.219971
-250.854492,547.943115,794.219971
-251.953125,552.154541,788.360596
-251.953125,552.154541,788.360596
-251.953125,552.154541,788.360596
-251.953125,550.506592,794.952393
-251.953125,550.506592,794.952393
-251.953125,550.506592,818.389893
-251.861572,550.231934,802.734375
-251.861572,550.231934,802.734375
-251.861572,550.231934,797.882080
-255.432129,548.217773,797.882080
-255.432129,548.217773,797.882080
-255.432129,546.752930,792.938232
-255.889893,546.752930,792.938232
-255.889893,546.752930,792.938232
-255.889893,551.879883,791.198730
-246.917725,551.879883,791.198730
-246.917725,551.879883,791.198730
-251.678467,551.971436,789.459229
-251.678467,551.971436,789.459229
-251.678467,551.971436,790.008545
-249.023438,551.879883,790.008545
-249.023438,551.879883,790.008545
-249.023438,550.231934,788.085938
-256.439209,550.231934,788.085938
-256.439209,550.231934,788.085938
-256.988525,548.858643,792.114258
-256.988525,548.858643,792.114258
-256.988525,548.858643,792.114258
-251.586914,549.957275,791.656494
-251.586914,549.957275,791.656494
-251.586914,549.957275,815.093994
-254.058838,551.513672,797.058105
-254.058838,551.513672,797.058105
-254.058838,551.513672,795.501709
-249.938965,551.055908,795.501709
-249.938965,551.055908,795.501709
-249.938965,549.133301,794.036865
-253.601074,549.133301,794.036865
-253.601074,549.133301,794.036865
-253.601074,545.928955,791.839600
-251.129150,545.928955,791.839600
-251.129150,545.928955,791.839600
-247.467041,543.823242,790.466309
-247.467041,543.823242,790.466309
-247.467041,543.823242,790.466309
-248.748779,545.745850,794.311523
-248.748779,545.745850,794.311523
-248.748779,545.745850,794.311523
-248.931885,554.351807,791.839600
-248.931885,554.351807,791.839600
-248.931885,554.351807,791.839600
-249.847412,546.752930,793.945312
-249.847412,546.752930,793.945312
-249.847412,546.752930,793.945312
-254.425049,547.576904,791.290283
-254.425049,547.576904,791.290283
-254.425049,547.576904,785.156250
-254.608154,549.957275,785.156250
-254.608154,549.957275,785.156250
-254.608154,549.957275,789.276123
-257.171631,546.295166,789.276123
-257.171631,546.295166,789.276123
-257.171631,546.295166,790.191650
-251.403809,550.415039,790.191650
-251.403809,550.415039,790.191650
-251.403809,550.415039,796.600342
-253.143311,554.168701,796.600342
-253.143311,554.168701,796.600342
-253.143311,554.168701,793.121338
-251.403809,547.851562,793.121338
-251.403809,547.851562,793.121338
-251.403809,547.851562,795.959473
-252.960205,545.562744,795.959473
-252.960205,545.562744,795.959473
-252.960205,545.562744,794.769287
-256.896973,548.492432,794.769287
-256.896973,548.492432,794.769287
-280.334473,547.393799,792.663574
-261.016846,547.393799,792.663574
-261.016846,547.393799,792.663574
-261.016846,546.478271,790.191650
-257.354736,546.478271,790.191650
-257.354736,546.478271,790.191650
-256.530762,547.668457,791.656494
-256.530762,547.668457,791.656494
-256.530762,547.668457,791.656494
-248.382568,547.760010,790.740967
-248.382568,547.760010,790.740967
-248.382568,547.760010,790.740967
-252.502441,551.788330,789.093018
-252.502441,551.788330,789.093018
-252.502441,551.788330,789.093018
-251.129150,548.767090,785.888672
-251.129150,548.767090,785.888672
-251.129150,548.767090,797.515869
-251.220703,552.520752,797.515869
-251.220703,552.520752,797.515869
-251.220703,552.520752,790.924072
-256.896973,549.682617,790.924072
-256.896973,549.682617,790.924072
-249.114990,550.140381,788.909912
-249.114990,550.140381,788.909912
-249.114990,550.140381,788.909912
-248.931885,545.379639,790.924072
-248.931885,545.379639,790.924072
-248.931885,545.379639,790.924072
-250.122070,544.097900,795.227051
-250.122070,544.097900,795.227051
-256.988525,545.104980,794.860840
-256.988525,545.104980,794.860840
-256.988525,545.104980,794.860840
-255.432129,551.605225,790.649414
-255.432129,551.605225,790.649414
-255.432129,553.161621,794.219971
-253.509521,553.161621,794.219971
-253.509521,553.161621,794.219971
-253.509521,546.295166,797.058105
-254.241943,546.295166,797.058105
-254.241943,546.295166,798.522949
-250.762939,553.070068,798.522949
-250.762939,553.070068,798.522949
-250.762939,547.668457,793.853760
-252.868652,547.668457,793.853760
-252.868652,547.668457,793.853760
-276.306152,550.598145,790.191650
-257.995605,550.598145,790.191650
-257.995605,550.598145,790.191650
-255.981445,553.253174,792.938232
-255.981445,553.253174,792.938232
-255.981445,553.253174,790.191650
-253.326416,549.224854,790.191650
-253.326416,549.224854,790.191650
-248.474121,555.725098,795.135498
-248.474121,555.725098,795.135498
-248.474121,555.725098,795.135498
-247.100830,552.886963,789.550781
-247.100830,552.886963,789.550781
-247.100830,551.879883,793.487549
-249.847412,551.879883,793.487549
-249.847412,551.879883,793.487549
-257.171631,540.069580,784.057617
-257.171631,540.069580,784.057617
-257.171631,540.069580,784.057617
-257.080078,549.682617,795.959473
-257.080078,549.682617,795.959473
-257.080078,549.682617,790.924072
-254.516602,549.133301,790.924072
-254.516602,549.133301,790.924072
-254.150391,548.950195,793.395996
-254.150391,548.950195,793.395996
-254.150391,548.950195,793.395996
-251.403809,549.682617,792.022705
-251.403809,549.682617,792.022705
-251.403809,549.682617,794.677734
-257.080078,552.703857,794.677734
-257.080078,552.703857,794.677734
-257.080078,552.062988,797.424316
-248.107910,552.062988,797.424316
-248.107910,552.062988,797.424316
-249.023438,548.034668,792.572021
-249.023438,548.034668,792.572021
-249.023438,548.034668,792.572021
-248.840332,545.379639,790.832520
-248.840332,545.379639,790.832520
-248.840332,552.978516,793.945312
-248.199463,552.978516,793.945312
-248.199463,552.978516,793.945312
-248.565674,549.041748,792.205811
-251.220703,551.330566,790.466309
-251.220703,551.330566,790.466309
-252.227783,558.288574,787.170410
-252.227783,558.288574,787.170410
-252.227783,558.288574,787.170410
-257.080078,554.809570,798.706055
-257.080078,554.809570,798.706055
-257.080078,554.809570,798.706055
-253.509521,547.576904,792.846680
-253.509521,547.576904,792.846680
-253.509521,547.576904,792.480469
-253.509521,545.837402,792.480469
-253.509521,545.837402,792.480469
-253.509521,545.837402,797.332764
-252.777100,550.964355,797.332764
-252.777100,550.964355,797.332764
-252.777100,548.126221,792.205811
-252.777100,548.126221,792.205811
-252.777100,548.126221,792.205811
-252.777100,549.591064,792.480469
-252.044678,549.591064,792.480469
-252.044678,549.591064,792.480469
-252.044678,547.393799,788.269043
-251.678467,547.393799,788.269043
-251.678467,547.393799,788.269043
-254.241943,547.119141,793.121338
-254.241943,547.119141,793.121338
-254.241943,547.119141,798.156738
-257.354736,551.788330,798.156738
-257.354736,551.788330,798.156738
-257.354736,552.062988,800.354004
-257.720947,552.062988,800.354004
-257.720947,552.062988,800.354004
-257.720947,545.654297,793.029785
-253.143311,545.654297,793.029785
-253.143311,545.654297,793.029785
-250.122070,546.569824,794.586182
-250.122070,546.569824,794.586182
-250.122070,546.569824,794.586182
-257.171631,550.689697,792.938232
-257.171631,550.689697,792.938232
-257.171631,549.316406,792.114258
-256.896973,549.316406,792.114258
-256.896973,549.316406,792.114258
-256.896973,554.992676,800.445557
-251.403809,554.992676,800.445557
-251.403809,554.992676,800.445557
-246.643066,553.344727,794.769287
-246.643066,553.344727,794.769287
-246.643066,553.344727,789.184570
-251.495361,543.090820,789.184570
-251.495361,543.090820,789.184570
-251.495361,551.605225,796.234131
-251.586914,551.605225,796.234131
-251.586914,551.605225,796.234131
-251.586914,551.605225,794.494629
-256.530762,551.605225,794.494629
-256.530762,551.605225,794.494629
-256.530762,554.077148,786.987305
-253.417969,554.077148,786.987305
-253.417969,554.077148,786.987305
-250.213623,552.795410,790.374756
-250.213623,552.795410,790.374756
-250.213623,552.795410,790.374756
-246.459961,542.266846,788.818359
-246.459961,542.266846,788.818359
-246.459961,547.943115,789.642334
-252.868652,547.943115,789.642334
-252.868652,547.943115,789.642334
-256.256104,555.175781,789.825439
-256.256104,555.175781,789.825439
-256.256104,555.175781,789.825439
-252.685547,546.661377,794.403076
-252.685547,546.661377,794.403076
-252.685547,546.661377,794.952393
-255.157471,548.950195,794.952393
-255.157471,548.950195,794.952393
-255.157471,548.950195,796.417236
-256.439209,548.034668,796.417236
-256.439209,548.034668,796.417236
-250.579834,552.246094,788.726807
-250.579834,552.246094,788.726807
-250.579834,552.246094,788.726807
-250.579834,555.725098,793.121338
-254.150391,555.725098,793.121338
-254.150391,555.725098,793.121338
-255.065918,548.126221,793.212891
-255.065918,548.126221,793.212891
-255.065918,548.126221,816.650391
-248.565674,553.344727,797.332764
-248.565674,553.344727,797.332764
-248.565674,547.027588,793.304443
-253.051758,547.027588,793.304443
-253.051758,547.027588,793.304443
-253.051758,545.562744,790.649414
-253.967285,545.562744,790.649414
-253.967285,546.752930,791.564941
-258.087158,546.752930,791.564941
-258.087158,546.752930,792.205811
-259.094238,547.576904,792.205811
-259.094238,547.576904,792.205811
-253.326416,552.612305,796.051025
-253.326416,552.612305,796.051025
-253.326416,552.612305,796.051025
-249.389648,556.274414,794.769287
-249.389648,556.274414,794.769287
-249.389648,556.274414,794.586182
-251.129150,551.239014,794.586182
-251.129150,551.239014,794.586182
-251.129150,551.239014,790.740967
-252.044678,550.048828,790.740967
-252.044678,550.048828,790.740967
-252.044678,548.675537,788.635254
-252.593994,548.675537,788.635254
-252.593994,548.675537,788.635254
-252.593994,545.654297,787.261963
-255.157471,545.654297,787.261963
-255.157471,545.654297,787.261963
-255.157471,547.302246,785.888672
-250.305176,547.302246,785.888672
-250.305176,547.302246,789.093018
-254.699707,552.246094,789.093018
-254.699707,552.246094,789.093018
-254.699707,552.246094,790.832520
-257.263184,548.583984,790.832520
-257.263184,548.583984,790.832520
-257.263184,548.583984,790.832520
-252.410889,548.767090,787.078857
-252.410889,548.767090,787.078857
-252.410889,548.767090,790.374756
-251.129150,549.316406,790.374756
-251.129150,549.316406,790.374756
-251.129150,549.316406,790.374756
-252.044678,551.513672,796.417236
-252.044678,551.513672,796.417236
-252.044678,551.513672,796.417236
-250.579834,556.274414,789.459229
-250.579834,556.274414,789.459229
-250.579834,556.274414,790.283203
-251.861572,552.429199,790.283203
-251.861572,552.429199,790.283203
-251.861572,552.429199,791.748047
-253.417969,550.781250,791.748047
-253.417969,550.781250,791.748047
-253.417969,550.781250,796.875000
-253.417969,549.957275,796.875000
-253.417969,549.957275,796.875000
-253.417969,548.492432,791.564941
-257.171631,548.492432,791.564941
-257.171631,548.492432,791.564941
-254.150391,547.393799,789.550781
-254.150391,547.393799,789.550781
-254.150391,547.393799,794.494629
-247.375488,556.457520,794.494629
-247.375488,556.457520,794.494629
-247.375488,556.457520,792.205811
-253.143311,552.795410,792.205811
-253.143311,552.795410,792.205811
-253.143311,553.436279,792.480469
-251.770020,553.436279,792.480469
-251.770020,553.436279,792.480469
-253.143311,548.217773,792.205811
-253.143311,548.217773,792.205811
-253.143311,548.217773,797.607422
-251.678467,552.886963,797.607422
-251.678467,552.886963,797.607422
-251.678467,552.886963,794.586182
-256.439209,548.492432,794.586182
-256.439209,548.492432,794.586182
-256.439209,552.246094,792.114258
-249.023438,552.246094,792.114258
-249.023438,552.246094,792.114258
-252.593994,553.710938,796.234131
-252.593994,553.710938,796.234131
-252.593994,553.710938,796.234131
-255.157471,553.070068,795.043945
-255.157471,553.070068,795.043945
-255.157471,554.260254,794.769287
-254.150391,554.260254,794.769287
-254.150391,554.260254,794.769287
-253.601074,551.330566,786.804199
-253.601074,551.330566,786.804199
-253.601074,551.330566,786.804199
-247.741699,554.626465,792.846680
-247.741699,554.626465,792.846680
-247.741699,554.626465,792.388916
-248.382568,552.612305,792.388916
-248.382568,552.612305,792.388916
-248.382568,552.612305,782.226562
-255.798340,543.823242,782.226562
-255.798340,543.823242,782.226562
-253.234863,541.351318,790.924072
-253.234863,541.351318,790.924072
-252.868652,550.048828,790.466309
-252.868652,550.048828,790.466309
-252.868652,550.048828,790.466309
-253.417969,542.999268,788.085938
-253.417969,542.999268,788.085938
-253.417969,542.999268,791.931152
-253.417969,547.302246,791.931152
-253.417969,547.302246,791.931152
-253.417969,554.077148,795.227051
-250.762939,554.077148,795.227051
-250.762939,554.077148,795.227051
-252.502441,553.253174,789.550781
-252.502441,553.253174,789.550781
-252.502441,553.253174,792.205811
-254.333496,551.330566,792.205811
-254.333496,551.330566,792.205811
-254.333496,549.865723,791.656494
-254.058838,549.865723,791.656494
-254.058838,549.865723,791.656494
-254.699707,550.415039,795.227051
-254.699707,550.415039,795.227051
-254.699707,550.415039,795.227051
-253.875732,547.851562,797.058105
-253.875732,547.851562,797.058105
-253.875732,547.851562,773.620605
-251.586914,548.217773,791.656494
-251.586914,548.217773,791.656494
-251.586914,548.217773,788.452148
-254.974365,542.541504,788.452148
-254.974365,542.541504,788.452148
-254.974365,542.541504,788.452148
-255.889893,552.154541,796.417236
-255.889893,552.154541,796.417236
-255.889893,552.154541,796.417236
-257.537842,548.034668,797.698975
-257.537842,548.034668,797.698975
-257.537842,548.034668,797.698975
-255.798340,545.104980,800.537109
-255.798340,545.104980,800.537109
-255.798340,545.104980,800.537109
-255.798340,545.562744,799.896240
-250.579834,545.562744,799.896240
-250.579834,545.562744,799.896240
-249.389648,551.239014,795.959473
-249.389648,551.239014,795.959473
-249.389648,551.239014,795.959473
-247.833252,546.752930,790.740967
-247.833252,546.752930,790.740967
-247.833252,546.752930,790.740967
-242.523193,544.921875,794.677734
-242.523193,544.921875,794.677734
-242.523193,544.921875,794.677734
-248.107910,549.224854,795.959473
-248.107910,549.224854,795.959473
-248.107910,549.224854,793.670654
-245.452881,548.492432,793.670654
-245.452881,548.492432,793.670654
-245.452881,548.492432,817.108154
-243.988037,551.605225,802.093506
-243.988037,551.605225,802.093506
-243.988037,551.605225,794.586182
-245.635986,548.858643,794.586182
-245.635986,549.499512,792.846680
-254.882812,549.499512,792.846680
-254.882812,549.499512,792.846680
-256.072998,554.718018,793.304443
-256.072998,554.718018,795.501709
-252.593994,551.147461,795.501709
-252.593994,551.147461,795.501709
-250.946045,550.048828,794.586182
-250.946045,550.048828,794.586182
-250.946045,550.048828,793.853760
-258.544922,546.752930,793.853760
-258.544922,546.752930,793.853760
-258.544922,546.752930,792.846680
-258.453369,549.499512,792.846680
-258.453369,549.499512,792.846680
-258.453369,549.499512,797.790527
-246.093750,544.189453,797.790527
-246.093750,544.189453,797.790527
-246.093750,544.189453,797.790527
-246.093750,544.464111,793.304443
-257.263184,544.464111,793.304443
-257.263184,544.464111,793.304443
-257.263184,544.921875,794.311523
-257.171631,544.921875,794.311523
-257.171631,544.921875,794.311523
-257.171631,545.928955,788.726807
-255.249023,545.837402,793.395996
-249.938965,545.837402,793.395996
-249.938965,545.837402,793.395996
-249.938965,548.126221,793.304443
-252.227783,548.126221,793.304443
-252.227783,548.126221,793.304443
-255.523682,548.675537,786.529541
-255.523682,548.675537,786.529541
-252.502441,551.147461,791.107178
-252.502441,547.302246,796.325684
-252.685547,547.302246,796.325684
-252.685547,547.302246,796.325684
-252.777100,543.640137,786.621094
-252.777100,543.640137,786.621094
-252.777100,543.640137,786.621094
-252.777100,542.541504,791.748047
-253.234863,542.541504,791.748047
-259.643555,544.281006,788.452148
-259.643555,544.281006,788.452148
-259.643555,544.281006,788.452148
-258.728027,545.104980,788.269043
-258.728027,545.104980,788.269043
-258.728027,545.104980,788.269043
-252.136230,548.309326,791.473389
-252.136230,548.309326,791.473389
-252.136230,548.309326,791.473389
-249.389648,548.858643,791.381836
-249.389648,548.858643,791.381836
-249.389648,548.858643,791.381836
-250.762939,553.436279,791.107178
-250.762939,553.436279,791.107178
-250.762939,553.436279,791.107178
-259.277344,549.682617,793.487549
-259.277344,549.682617,793.487549
-259.277344,549.682617,793.487549
-261.566162,547.668457,792.205811
-261.566162,547.668457,792.205811
-261.566162,547.668457,792.205811
-248.840332,555.267334,796.417236
-248.840332,555.267334,796.417236
-248.840332,555.267334,796.417236
-247.558594,558.471680,799.255371
-247.558594,558.471680,799.255371
-247.558594,558.471680,790.649414
-248.382568,547.119141,790.649414
-248.382568,547.119141,790.649414
-248.382568,547.119141,789.642334
-247.833252,546.569824,789.642334
-247.833252,546.569824,796.875000
-250.488281,547.027588,796.875000
-250.488281,547.027588,796.875000
-250.488281,547.027588,796.875000
-255.981445,547.576904,801.086426
-255.981445,547.576904,801.086426
-255.981445,547.576904,801.086426
-252.685547,553.894043,792.938232
-252.685547,553.894043,792.938232
-252.685547,553.894043,792.938232
-255.249023,551.879883,791.015625
-255.249023,551.879883,791.015625
-255.249023,551.879883,791.015625
-256.164551,546.661377,793.304443
-256.164551,546.661377,793.304443
-256.164551,542.633057,789.001465
-256.896973,542.633057,789.001465
-256.896973,542.633057,789.001465
-256.896973,548.583984,791.748047
-253.509521,548.583984,791.748047
-253.509521,548.583984,791.748047
-247.375488,540.618896,793.945312
-247.375488,540.618896,793.945312
-247.375488,540.618896,793.945312
-248.382568,544.555664,790.100098
-248.382568,544.555664,790.100098
-248.382568,544.555664,790.100098
-252.868652,546.936035,788.177490
-252.868652,546.936035,788.177490
-252.868652,546.936035,788.177490
-256.072998,550.506592,797.515869
-256.072998,550.506592,797.515869
-256.072998,550.506592,793.395996
-254.699707,545.379639,793.395996
-254.699707,545.379639,793.395996
-254.699707,545.379639,789.459229
-254.058838,546.844482,789.459229
-254.058838,546.844482,789.459229
-254.058838,546.844482,789.459229
-252.502441,551.605225,795.410156
-252.502441,551.605225,795.410156
-252.502441,551.605225,795.410156
-250.854492,550.781250,791.656494
-250.854492,550.781250,791.656494
-250.854492,550.781250,791.656494
-248.291016,542.541504,788.909912
-248.291016,542.541504,788.909912
-248.291016,542.541504,789.825439
-248.840332,544.921875,789.825439
-248.840332,544.921875,789.825439
-248.840332,544.921875,795.867920
-246.826172,546.295166,795.867920
-246.826172,546.295166,795.867920
-246.826172,548.767090,792.572021
-248.840332,548.767090,792.572021
-248.840332,548.767090,792.572021
-248.840332,552.520752,791.107178
-249.481201,552.520752,791.107178
-249.481201,552.520752,791.107178
-253.967285,548.309326,794.219971
-253.967285,548.309326,794.219971
-253.967285,548.309326,794.219971
-255.340576,546.386719,796.783447
-255.340576,546.386719,796.783447
-255.340576,546.386719,796.783447
-249.755859,547.393799,794.036865
-249.755859,547.393799,794.036865
-249.755859,547.393799,794.036865
-254.516602,550.140381,796.783447
-254.516602,550.140381,796.783447
-254.516602,550.140381,796.783447
-253.326416,545.654297,795.410156
-253.326416,545.654297,795.410156
-253.326416,522.216797,792.938232
-256.622314,538.787842,792.938232
-256.622314,538.787842,792.938232
-256.622314,538.787842,795.959473
-250.854492,548.675537,795.959473
-250.854492,548.675537,795.959473
-250.854492,548.675537,795.959473
-248.748779,546.112061,790.649414
-248.748779,546.112061,790.649414
-248.565674,543.548584,795.776367
-248.565674,543.548584,795.776367
-248.565674,543.548584,790.374756
-255.249023,542.907715,790.374756
-255.249023,542.907715,790.374756
-255.249023,542.907715,794.311523
-255.523682,548.034668,794.311523
-255.523682,548.034668,794.311523
-255.523682,548.034668,795.227051
-253.692627,548.767090,795.227051
-253.692627,548.767090,795.227051
-253.692627,551.513672,790.100098
-256.439209,551.513672,790.100098
-256.439209,551.513672,790.100098
-256.439209,548.492432,786.804199
-254.333496,548.492432,786.804199
-254.333496,548.492432,786.804199
-254.333496,548.492432,790.649414
-254.516602,543.365479,790.649414
-254.516602,543.365479,790.649414
-254.516602,543.365479,789.459229
-256.256104,553.161621,789.459229
-256.256104,553.161621,789.459229
-256.256104,553.161621,790.191650
-259.002686,553.161621,790.191650
-259.002686,553.161621,790.191650
-259.002686,553.161621,790.191650
-259.002686,553.161621,792.755127
-256.896973,546.844482,792.755127
-256.896973,546.844482,792.755127
-256.896973,548.034668,789.001465
-256.713867,548.034668,789.001465
-256.713867,548.034668,789.001465
-259.368896,541.168213,787.994385
-259.368896,541.168213,787.994385
-259.368896,541.168213,788.452148
-250.854492,547.485352,788.452148
-250.854492,547.485352,788.452148
-252.044678,551.971436,790.557861
-252.044678,551.971436,790.557861
-252.044678,551.971436,788.909912
-251.770020,544.097900,788.909912
-251.770020,544.097900,788.909912
-248.931885,550.048828,794.219971
-248.931885,550.048828,794.219971
-248.931885,550.048828,794.219971
-253.234863,551.055908,790.100098
-253.234863,551.055908,790.100098
-253.234863,544.830322,793.579102
-247.924805,544.830322,793.579102
-247.924805,544.830322,793.579102
-254.882812,544.738770,787.994385
-254.882812,544.738770,787.994385
-254.882812,544.738770,796.875000
-252.502441,550.872803,796.875000
-252.502441,550.872803,796.875000
-275.939941,555.084229,794.677734
-257.904053,555.084229,794.677734
-257.904053,555.084229,794.677734
-258.544922,555.267334,792.755127
-258.544922,555.267334,792.755127
-258.544922,555.267334,792.755127
-252.960205,544.006348,788.360596
-252.960205,544.006348,788.360596
-252.960205,544.006348,788.360596
-253.051758,547.576904,794.769287
-253.051758,547.576904,794.769287
-253.051758,554.443359,794.219971
-257.263184,554.443359,794.219971
-257.263184,554.443359,792.480469
-256.164551,544.372559,792.480469
-256.164551,544.372559,792.480469
-248.382568,540.344238,794.219971
-248.382568,540.344238,794.219971
-248.382568,540.344238,787.353516
-251.220703,545.562744,787.353516
-251.220703,545.562744,790.649414
-251.953125,552.154541,790.649414
-251.953125,552.154541,790.649414
-251.953125,556.915283,792.022705
-251.953125,556.915283,792.022705
-247.741699,552.246094,792.297363
-247.741699,552.246094,792.297363
-247.741699,545.379639,791.198730
-248.291016,545.379639,791.198730
-250.671387,550.689697,791.748047
-250.671387,550.689697,791.748047
-256.896973,546.661377,789.733887
-256.896973,546.661377,789.733887
-256.896973,546.661377,794.311523
-254.516602,547.668457,794.311523
-254.516602,547.668457,794.311523
-254.516602,548.492432,793.487549
-250.946045,548.492432,793.487549
-250.946045,548.492432,798.522949
-251.953125,544.830322,798.522949
-251.953125,544.830322,775.085449
-254.882812,548.309326,792.938232
-254.882812,548.309326,792.938232
-254.882812,550.689697,797.882080
-251.586914,550.689697,797.882080
-251.586914,550.689697,797.882080
-249.023438,552.795410,800.170898
-249.023438,552.795410,800.170898
-256.713867,550.598145,798.065186
-256.713867,550.598145,798.065186
-251.770020,551.147461,788.177490
-251.770020,551.147461,788.177490
-252.410889,549.591064,787.170410
-252.410889,549.591064,787.170410
-249.664307,551.696777,794.219971
-249.664307,551.696777,794.219971
-244.720459,555.999756,797.607422
-244.720459,555.999756,797.607422
-252.136230,553.070068,794.128418
-252.136230,553.070068,794.128418
-252.136230,547.119141,800.811768
-257.720947,547.119141,800.811768
-257.720947,547.119141,777.374268
-251.403809,550.689697,795.867920
-251.403809,550.689697,795.867920
-251.403809,544.006348,794.128418
-251.678467,544.006348,794.128418
-251.678467,544.006348,794.128418
-251.861572,547.576904,787.994385
-251.861572,547.576904,787.994385
-251.861572,550.872803,795.684814
-256.164551,550.872803,796.234131
-257.537842,547.393799,796.234131
-257.537842,547.393799,796.234131
-256.164551,550.415039,794.128418
-256.164551,550.415039,794.128418
-256.164551,550.415039,817.565918
-249.938965,548.858643,797.790527
-249.938965,548.858643,797.790527
-249.938965,548.858643,791.473389
-251.129150,549.133301,791.473389
-251.129150,549.133301,791.473389
-251.129150,547.027588,795.959473
-251.037598,547.027588,795.959473
-251.037598,547.027588,795.959473
-251.037598,547.027588,797.698975
-257.537842,554.260254,797.698975
-257.537842,554.260254,797.698975
-257.537842,553.710938,798.614502
-254.150391,553.710938,798.614502
-254.150391,553.710938,775.177002
-248.474121,549.316406,796.600342
-248.474121,549.316406,796.600342
-248.474121,549.316406,799.804688
-246.276855,557.556152,799.804688
-246.276855,557.556152,799.804688
-257.354736,553.253174,796.966553
-257.354736,553.253174,796.966553
-257.354736,553.253174,773.529053
-262.573242,543.823242,790.283203
-262.573242,543.823242,790.283203
-258.544922,552.520752,797.973633
-258.544922,552.520752,797.973633
-258.544922,552.520752,797.973633
-246.643066,556.274414,798.431396
-246.643066,556.274414,798.431396
-246.643066,556.274414,793.762207
-248.748779,550.689697,793.762207
-248.748779,550.689697,793.762207
-255.432129,546.661377,789.367676
-255.432129,546.661377,789.367676
-255.432129,546.661377,789.367676
-254.058838,552.337646,793.762207
-254.058838,552.337646,793.762207
-254.058838,552.337646,793.762207
-256.713867,546.203613,795.410156
-256.713867,546.203613,795.410156
-256.713867,547.485352,795.135498
-250.488281,547.485352,795.135498
-250.488281,547.485352,795.135498
-249.206543,551.055908,802.276611
-249.206543,551.055908,802.276611
-249.206543,551.055908,800.994873
-257.995605,547.393799,800.994873
-257.995605,547.393799,800.994873
-257.995605,550.048828,795.959473
-249.664307,550.048828,795.959473
-249.664307,550.048828,795.959473
-256.256104,542.816162,783.325195
-256.256104,542.816162,783.325195
-256.256104,542.816162,783.325195
-257.904053,553.161621,787.536621
-257.904053,553.161621,787.536621
-257.904053,553.161621,794.586182
-254.150391,548.858643,794.586182
-254.150391,548.858643,794.586182
-254.150391,549.041748,794.311523
-253.509521,549.041748,794.311523
-253.509521,549.041748,794.311523
-252.044678,548.767090,799.438477
-252.044678,548.767090,799.438477
-252.044678,548.767090,776.000977
-254.058838,545.288086,794.952393
-254.058838,545.288086,794.952393
-254.058838,544.006348,790.649414
-252.410889,544.006348,790.649414
-252.410889,544.006348,790.649414
-248.840332,556.091309,799.987793
-248.840332,556.091309,799.987793
-248.840332,556.091309,799.987793
-255.615234,559.753418,793.395996
-255.615234,559.753418,793.395996
-255.615234,559.753418,792.755127
-249.572754,554.351807,792.755127
-249.572754,554.351807,792.755127
-249.572754,546.844482,793.304443
-251.586914,546.844482,793.304443
-251.586914,546.844482,793.304443
-251.586914,544.097900,793.487549
-246.643066,544.097900,793.487549
-246.643066,544.097900,793.487549
-246.643066,549.041748,794.860840
-246.826172,549.041748,794.860840
-246.826172,549.041748,794.860840
-256.347656,549.316406,797.882080
-256.347656,549.316406,797.882080
-256.347656,549.316406,797.882080
-256.530762,544.006348,793.121338
-256.530762,544.006348,793.121338
-256.530762,544.006348,793.121338
-252.319336,550.598145,792.297363
-252.319336,550.598145,792.297363
-252.319336,550.598145,792.297363
-254.333496,548.126221,791.748047
-254.333496,548.126221,791.748047
-254.333496,548.126221,791.748047
-252.868652,548.034668,789.550781
-252.868652,548.034668,789.550781
-252.868652,548.034668,791.564941
-254.608154,543.914795,791.564941
-254.608154,543.914795,791.564941
-254.608154,543.914795,792.297363
-254.699707,547.851562,792.297363
-254.699707,547.851562,792.297363
-254.699707,553.070068,795.593262
-250.030518,553.070068,795.593262
-250.030518,553.070068,795.593262
-247.192383,555.175781,789.093018
-247.192383,555.175781,789.093018
-247.192383,555.175781,789.093018
-245.819092,546.020508,784.057617
-245.819092,546.020508,784.057617
-245.819092,546.020508,784.057617
-259.735107,539.337158,782.958984
-259.735107,539.337158,782.958984
-259.735107,539.337158,785.797119
-254.699707,541.625977,785.797119
-254.699707,541.625977,785.797119
-254.699707,555.450439,796.142578
-245.727539,555.450439,796.142578
-245.727539,555.450439,796.142578
-246.002197,551.605225,788.085938
-246.002197,551.605225,788.085938
-246.002197,551.605225,788.085938
-252.410889,547.943115,790.008545
-252.410889,547.943115,790.008545
-252.410889,547.943115,792.480469
-253.234863,548.675537,792.480469
-253.234863,548.675537,792.480469
-249.023438,555.725098,790.466309
-249.023438,555.725098,790.466309
-249.023438,555.725098,794.769287
-249.481201,550.781250,794.769287
-249.481201,550.781250,794.769287
-249.481201,550.781250,791.107178
-251.770020,546.752930,791.107178
-251.770020,546.752930,791.107178
-251.770020,546.936035,796.691895
-256.164551,546.936035,796.691895
-256.164551,546.936035,796.691895
-255.340576,547.027588,796.051025
-255.340576,547.027588,796.051025
-255.340576,547.027588,796.051025
-251.312256,554.077148,792.755127
-251.312256,554.077148,792.755127
-251.312256,554.077148,793.304443
-249.298096,557.189941,793.304443
-249.298096,557.189941,793.304443
-249.298096,550.964355,787.353516
-255.615234,550.964355,787.353516
-255.615234,550.964355,787.353516
-255.615234,553.802490,791.381836
-253.234863,553.802490,791.381836
-253.234863,553.802490,791.381836
-255.157471,554.901123,793.670654
-255.157471,554.901123,793.670654
-255.157471,554.901123,793.670654
-246.185303,540.618896,790.740967
-246.185303,540.618896,790.740967
-246.185303,540.618896,791.656494
-248.016357,548.400879,791.656494
-248.016357,548.400879,791.656494
-250.305176,550.048828,792.846680
-250.305176,550.048828,792.846680
-250.305176,550.048828,792.846680
-251.495361,551.055908,798.431396
-251.495361,551.055908,798.431396
-251.495361,551.055908,793.304443
-251.953125,547.119141,793.304443
-251.953125,547.119141,793.304443
-251.953125,549.133301,790.283203
-250.854492,549.133301,790.283203
-250.854492,549.133301,790.283203
-255.340576,548.217773,787.994385
-255.340576,548.217773,787.994385
-255.340576,548.217773,787.994385
-256.622314,550.140381,795.227051
-256.622314,550.140381,795.227051
-256.622314,550.140381,795.227051
-257.080078,553.710938,789.550781
-257.080078,553.710938,789.550781
-257.080078,554.901123,790.283203
-254.974365,554.901123,790.283203
-254.974365,554.901123,790.283203
-254.974365,550.140381,791.107178
-256.713867,550.140381,791.107178
-256.713867,550.140381,791.107178
-250.030518,546.936035,791.107178
-250.030518,546.936035,791.107178
-250.030518,546.936035,791.107178
-253.875732,545.104980,785.430908
-253.875732,545.104980,785.430908
-253.875732,545.104980,784.423828
-254.058838,546.569824,784.423828
-254.058838,546.569824,784.423828
-254.058838,550.415039,794.219971
-251.678467,550.415039,794.219971
-251.678467,550.415039,794.219971
-249.114990,553.802490,796.417236
-249.114990,553.802490,796.417236
-249.114990,553.802490,796.417236
-247.009277,549.316406,795.318604
-247.009277,549.316406,795.318604
-247.009277,549.316406,795.318604
-251.861572,547.210693,789.093018
-251.861572,547.210693,789.093018
-251.861572,540.527344,793.487549
-263.122559,540.527344,793.487549
-263.122559,540.527344,793.487549
-259.552002,552.795410,795.959473
-259.552002,552.795410,795.959473
-259.552002,552.795410,795.959473
-255.798340,546.112061,794.860840
-255.798340,546.112061,794.860840
-255.798340,546.112061,795.043945
-246.093750,545.837402,795.043945
-246.093750,545.837402,795.043945
-249.847412,547.576904,794.311523
-249.847412,547.576904,794.311523
-249.847412,547.576904,794.311523
-252.044678,545.196533,789.459229
-252.044678,545.196533,789.459229
-252.044678,545.196533,794.860840
-256.713867,549.957275,794.860840
-256.713867,549.957275,794.860840
-251.129150,546.020508,797.973633
-251.129150,546.020508,797.973633
-251.129150,546.020508,794.952393
-240.051270,549.774170,794.952393
-240.051270,549.774170,794.952393
-240.051270,547.302246,791.656494
-251.770020,547.302246,791.656494
-251.770020,547.302246,791.656494
-256.805420,545.013428,787.902832
-256.805420,545.013428,787.902832
-256.805420,545.013428,791.107178
-256.530762,547.576904,791.107178
-256.530762,547.576904,791.107178
-256.530762,546.569824,792.663574
-246.826172,546.569824,792.663574
-246.826172,546.569824,792.663574
-247.467041,550.872803,790.740967
-247.467041,550.872803,790.740967
-247.467041,550.872803,782.775879
-251.495361,547.851562,782.775879
-251.495361,547.851562,782.775879
-252.502441,548.492432,789.459229
-252.502441,548.492432,789.459229
-252.502441,548.492432,789.459229
-254.608154,550.964355,792.846680
-254.608154,550.964355,792.846680
-254.608154,550.964355,792.755127
-246.734619,550.415039,792.755127
-246.734619,550.415039,792.755127
-246.734619,552.062988,795.410156
-248.382568,552.062988,795.410156
-248.382568,552.062988,795.410156
-248.382568,547.119141,788.635254
-253.326416,547.119141,788.635254
-253.326416,547.119141,788.635254
-255.523682,554.168701,797.515869
-255.523682,554.168701,797.515869
-255.523682,554.168701,797.515869
-258.453369,545.471191,792.663574
-258.453369,545.471191,792.663574
-258.453369,545.471191,792.663574
-250.030518,552.246094,795.501709
-250.030518,552.246094,795.501709
-250.030518,552.246094,800.537109
-244.445801,555.633545,800.537109
-244.445801,555.633545,800.537109
-244.445801,551.422119,796.325684
-248.107910,551.422119,796.325684
-248.107910,551.422119,796.325684
-250.213623,552.154541,790.283203
-250.213623,552.154541,790.283203
-250.213623,552.154541,790.283203
-256.622314,550.689697,792.388916
-256.622314,550.689697,792.388916
-256.622314,550.689697,792.388916
-249.755859,550.506592,793.487549
-249.755859,550.506592,793.487549
-249.755859,550.506592,795.135498
-253.326416,545.196533,795.135498
-253.326416,545.196533,795.135498
-253.326416,545.562744,792.022705
-249.938965,545.562744,792.022705
-249.938965,545.562744,792.022705
-251.220703,542.358398,794.036865
-251.220703,542.358398,794.036865
-251.220703,542.358398,794.036865
-250.579834,546.936035,792.297363
-250.579834,546.936035,792.297363
-250.579834,546.936035,781.127930
-253.967285,535.308838,781.127930
-253.967285,535.308838,781.127930
-253.967285,545.471191,788.452148
-258.361816,545.471191,788.452148
-258.361816,545.471191,788.452148
-258.361816,553.710938,791.015625
-258.270264,553.710938,791.015625
-258.270264,553.710938,791.015625
-249.206543,545.745850,787.536621
-249.206543,545.745850,787.536621
-249.206543,545.745850,787.536621
-247.375488,543.823242,792.755127
-247.375488,543.823242,792.755127
-247.375488,543.823242,786.529541
-251.403809,542.907715,786.529541
-251.403809,542.907715,786.529541
-251.403809,551.788330,797.241211
-248.474121,551.788330,797.241211
-248.474121,551.788330,797.241211
-249.664307,553.161621,797.973633
-249.664307,553.161621,797.973633
-249.664307,553.161621,797.973633
-254.791260,550.415039,795.410156
-254.791260,550.415039,795.410156
-254.791260,550.415039,795.410156
-252.593994,547.485352,792.572021
-252.593994,547.485352,792.572021
-252.593994,547.485352,794.311523
-253.601074,550.506592,794.311523
-253.601074,550.506592,794.311523
-253.601074,553.436279,790.008545
-251.129150,553.436279,790.008545
-251.129150,553.436279,790.008545
-251.129150,552.978516,793.029785
-256.164551,552.978516,793.029785
-256.164551,552.978516,793.029785
-265.228271,555.358887,789.825439
-265.228271,555.358887,789.825439
-265.228271,555.358887,789.825439
-264.862061,554.168701,794.219971
-264.862061,554.168701,794.219971
-264.862061,554.168701,795.318604
-249.572754,552.062988,795.318604
-249.572754,552.062988,795.318604
-243.347168,555.358887,793.121338
-243.347168,555.358887,793.121338
-243.347168,555.358887,791.107178
-248.016357,542.541504,791.107178
-248.016357,542.541504,791.107178
-252.868652,554.260254,801.177979
-252.868652,554.260254,801.177979
-261.108398,551.147461,790.649414
-261.108398,551.147461,790.649414
-261.108398,551.147461,790.649414
-250.488281,545.196533,790.649414
-250.488281,545.196533,790.649414
-250.488281,545.196533,794.860840
-249.114990,544.647217,794.860840
-249.114990,544.647217,794.860840
-249.114990,546.844482,796.966553
-248.291016,546.844482,796.966553
-248.291016,546.844482,796.966553
-271.728516,546.661377,795.318604
-263.214111,546.661377,795.318604
-263.214111,546.661377,795.318604
-257.446289,555.450439,797.973633
-257.446289,555.450439,797.973633
-257.446289,555.450439,774.536133
-247.467041,555.725098,796.691895
-247.467041,555.725098,796.691895
-247.467041,555.725098,791.656494
-244.354248,551.330566,791.656494
-244.354248,551.330566,791.656494
-244.354248,544.830322,793.304443
-252.227783,544.830322,793.304443
-252.227783,544.830322,793.304443
-255.706787,552.703857,791.473389
-255.706787,552.703857,791.473389
-255.706787,552.703857,791.473389
-255.615234,548.950195,793.212891
-255.615234,548.950195,793.212891
-255.615234,553.985596,798.980713
-250.946045,553.985596,798.980713
-250.946045,553.985596,798.980713
-250.946045,551.696777,796.783447
-247.283936,551.696777,796.783447
-247.283936,551.696777,796.783447
-250.579834,546.661377,790.557861
-250.579834,552.246094,792.022705
-251.129150,552.246094,792.022705
-251.129150,552.246094,792.022705
-252.502441,556.823730,789.276123
-252.502441,556.823730,789.276123
-252.502441,556.823730,789.276123
-251.220703,547.119141,789.367676
-251.220703,547.119141,789.367676
-251.220703,547.119141,792.846680
-250.579834,555.633545,792.846680
-250.579834,555.633545,792.846680
-250.579834,549.133301,789.367676
-251.861572,549.133301,789.367676
-251.861572,549.133301,789.367676
-255.065918,543.731689,791.107178
-255.065918,543.731689,791.107178
-255.065918,543.731689,791.107178
-255.157471,547.851562,792.938232
-255.157471,547.851562,792.938232
-255.157471,547.851562,787.261963
-248.565674,548.858643,787.261963
-248.565674,548.858643,792.388916
-245.544434,551.788330,792.388916
-250.671387,544.738770,783.966064
-245.544434,557.006836,796.875000
-245.544434,546.752930,793.670654
-250.305176,546.752930,797.882080
-252.136230,550.231934,797.882080
-252.227783,550.140381,798.156738
-252.227783,546.478271,790.191650
-251.495361,546.478271,790.832520
-252.227783,551.239014,790.832520
-257.080078,546.752930,792.572021
-257.080078,545.013428,793.762207
-253.967285,545.013428,790.283203
-255.157471,549.865723,793.579102
-255.157471,551.788330,793.579102
-253.692627,552.886963,795.410156
-254.516602,552.246094,796.051025
-256.256104,548.858643,793.579102
-256.256104,553.436279,794.769287
-254.882812,553.436279,794.769287
-251.770020,551.147461,789.825439
-245.910645,556.091309,789.825439
-253.509521,554.718018,788.635254
-249.664307,547.943115,787.353516
-250.946045,548.400879,787.353516
-251.129150,549.591064,789.550781
-253.784180,542.175293,788.452148
-253.784180,545.562744,793.029785
-251.495361,545.562744,793.029785
-250.488281,555.816650,796.508789
-250.488281,555.816650,788.635254
-256.530762,551.239014,788.635254
-261.016846,549.957275,785.980225
-237.579346,552.520752,790.924072
-256.713867,552.520752,798.797607
-254.241943,547.668457,775.360107
-247.924805,548.126221,789.642334
-253.234863,547.760010,787.902832
-253.234863,550.872803,788.360596
-250.305176,550.872803,785.430908
-255.981445,547.760010,785.430908
-258.087158,552.246094,791.473389
-255.249023,552.520752,793.029785
-255.249023,543.548584,789.459229
-258.087158,543.548584,785.614014
-259.002686,540.893555,785.614014
-255.065918,550.781250,793.670654
-255.065918,550.598145,796.142578
-250.671387,548.583984,794.403076
-255.615234,548.583984,791.290283
-252.502441,549.316406,791.290283
-256.072998,545.379639,791.564941
-256.072998,551.422119,792.938232
-252.960205,551.422119,792.022705
-251.953125,546.844482,792.022705
-255.615234,549.407959,795.227051
-279.052734,539.886475,791.381836
-259.368896,539.886475,791.473389
-252.227783,546.112061,791.473389
-249.755859,546.661377,785.156250
-244.537354,552.978516,795.410156
-244.537354,551.879883,794.952393
-254.516602,551.879883,794.952393
-257.904053,550.506592,791.107178
-257.904053,545.928955,791.198730
-257.720947,545.928955,791.198730
-245.910645,548.492432,790.283203
-245.910645,547.027588,790.740967
-246.826172,547.027588,814.178467
-257.354736,551.696777,797.149658
-256.530762,558.654785,799.987793
-256.530762,544.372559,785.522461
-248.199463,544.372559,785.522461
-244.445801,544.189453,790.740967
-251.037598,555.999756,798.065186
-251.037598,553.802490,802.551270
-249.938965,545.196533,792.480469
-257.720947,539.611816,785.705566
-257.720947,549.591064,793.304443
-245.910645,559.020996,794.860840
-245.910645,545.379639,786.529541
-264.953613,545.654297,785.980225
-262.023926,557.281494,795.410156
-262.023926,557.281494,796.600342
-238.037109,557.281494,796.875000
-238.037109,557.281494,798.614502
-253.234863,546.936035,796.051025
-248.931885,549.957275,798.889160
-248.931885,549.957275,795.593262
-237.945557,555.816650,789.825439
