ACC_Z,Time
-28.01513671875,2.2103822231292725
-28.01513671875,2.2105844020843506
-28.01513671875,2.2107834815979004
-24.627685546875,2.21098256111145
-24.810791015625,2.211765766143799
-24.810791015625,2.211965560913086
-25.81787109375,2.2121663093566895
-25.81787109375,2.21236515045166
-25.81787109375,2.212564468383789
-25.726318359375,2.213350534439087
-25.726318359375,2.2135531902313232
-25.726318359375,2.2137532234191895
-30.21240234375,2.2139525413513184
-30.21240234375,2.2141518592834473
-34.24072265625,2.214947462081909
-34.24072265625,2.2151458263397217
-26.458740234375,2.2153449058532715
-26.458740234375,2.2155423164367676
-26.458740234375,2.215740203857422
-30.303955078125,2.2165896892547607
-30.303955078125,2.216794967651367
-30.303955078125,2.2170028686523438
-30.21240234375,2.217207431793213
-30.21240234375,2.217411518096924
-31.1279296875,2.218207359313965
-34.60693359375,2.218414306640625
-34.60693359375,2.2186191082000732
-34.60693359375,2.2188234329223633
-36.712646484375,2.2190282344818115
-34.698486328125,2.2198293209075928
-34.698486328125,2.220038414001465
-32.501220703125,2.220242977142334
-32.501220703125,2.220447063446045
-32.501220703125,2.220651149749756
-27.64892578125,2.2214462757110596
-27.64892578125,2.221651077270508
-27.64892578125,2.2218587398529053
-26.18408203125,2.2220633029937744
-26.18408203125,2.2222676277160645
-36.43798828125,2.223074197769165
-31.402587890625,2.2232789993286133
-31.402587890625,2.223484516143799
-31.402587890625,2.2236897945404053
-36.2548828125,2.2238941192626953
-30.029296875,2.2246904373168945
-30.029296875,2.224895715713501
-29.296875,2.2251033782958984
-29.296875,2.2253081798553467
-29.296875,2.2255125045776367
-45.41015625,2.2263081073760986
-25.08544921875,2.226513385772705
-25.08544921875,2.2267165184020996
-25.08544921875,2.2269186973571777
-33.966064453125,2.227120876312256
-29.11376953125,2.2279114723205566
-29.11376953125,2.228116989135742
-33.14208984375,2.228320360183716
-33.14208984375,2.228523015975952
-33.14208984375,2.2287256717681885
-28.74755859375,2.2295289039611816
-28.74755859375,2.2297322750091553
-28.74755859375,2.22993803024292
-19.59228515625,2.2301406860351562
-19.59228515625,2.230342149734497
-24.169921875,2.23113751411438
-26.55029296875,2.2313404083251953
-26.55029296875,2.2315402030944824
-26.55029296875,2.2317395210266113
-32.958984375,2.231938600540161
-28.106689453125,2.2327334880828857
-28.106689453125,2.232933759689331
-26.91650390625,2.2331347465515137
-26.91650390625,2.2333340644836426
-26.91650390625,2.2335333824157715
-29.11376953125,2.2343242168426514
-25.2685546875,2.2345244884490967
-25.2685546875,2.234726667404175
-25.2685546875,2.2349259853363037
-25.81787109375,2.2351253032684326
-28.01513671875,2.235915184020996
-28.01513671875,2.236114978790283
-28.839111328125,2.2363171577453613
-28.839111328125,2.2365167140960693
-28.839111328125,2.236715793609619
-25.543212890625,2.2375030517578125
-25.543212890625,2.2377030849456787
-25.543212890625,2.2379040718078613
-34.0576171875,2.2381033897399902
-34.0576171875,2.238302707672119
-35.430908203125,2.239089012145996
-11.993408203125,2.239290237426758
-18.12744140625,2.2394893169403076
-18.12744140625,2.2396886348724365
-41.56494140625,2.2398879528045654
-22.247314453125,2.240673780441284
-22.247314453125,2.240875244140625
-22.247314453125,2.241075038909912
-25.45166015625,2.241273880004883
-25.45166015625,2.2414731979370117
-35.064697265625,2.242257595062256
-34.881591796875,2.2424569129943848
-34.881591796875,2.242656946182251
-34.881591796875,2.2428548336029053
-32.2265625,2.2430524826049805
-33.14208984375,2.2438347339630127
-33.14208984375,2.244032859802246
-33.14208984375,2.2442333698272705
-28.9306640625,2.2444310188293457
-28.9306640625,2.2446281909942627
-33.3251953125,2.245412588119507
-34.97314453125,2.2456116676330566
-34.97314453125,2.245811939239502
-34.97314453125,2.246009349822998
-30.670166015625,2.246206760406494
-28.01513671875,2.247007369995117
-28.01513671875,2.2472074031829834
-26.092529296875,2.2474076747894287
-26.092529296875,2.2476065158843994
-26.092529296875,2.24780535697937
-27.740478515625,2.2485949993133545
-31.768798828125,2.2487940788269043
-31.768798828125,2.2489962577819824
-31.768798828125,2.249194860458374
-33.3251953125,2.2493937015533447
-33.599853515625,2.2501790523529053
-33.599853515625,2.250382661819458
-30.303955078125,2.2505815029144287
-30.303955078125,2.2507803440093994
-30.303955078125,2.250978708267212
-30.21240234375,2.2517642974853516
-30.21240234375,2.251965045928955
-30.21240234375,2.2521636486053467
-28.38134765625,2.2523622512817383
-28.38134765625,2.252560615539551
-23.712158203125,2.2533464431762695
-23.345947265625,2.253549337387085
-23.345947265625,2.253748655319214
-23.345947265625,2.2539477348327637
-46.783447265625,2.2541463375091553
-33.782958984375,2.254946231842041
-33.782958984375,2.2551467418670654
-33.782958984375,2.255345344543457
-24.627685546875,2.2555434703826904
-24.627685546875,2.255742073059082
-32.77587890625,2.2565269470214844
-22.796630859375,2.2567269802093506
-22.796630859375,2.2569286823272705
-22.796630859375,2.257127046585083
-31.31103515625,2.2573254108428955
-28.106689453125,2.2581093311309814
-28.106689453125,2.2583091259002686
-28.9306640625,2.2585108280181885
-28.9306640625,2.258709669113159
-28.9306640625,2.258908271789551
-18.402099609375,2.2596919536590576
-19.95849609375,2.2598938941955566
-19.95849609375,2.2600924968719482
-43.39599609375,2.2602908611297607
-25.177001953125,2.260488986968994
-24.993896484375,2.2612733840942383
-24.993896484375,2.2614731788635254
-23.0712890625,2.2616732120513916
-23.0712890625,2.261871337890625
-23.0712890625,2.2620701789855957
-20.8740234375,2.262866258621216
-20.8740234375,2.2630655765533447
-20.8740234375,2.263265371322632
-20.5078125,2.2634637355804443
-20.5078125,2.263662099838257
-30.853271484375,2.264446973800659
-30.853271484375,2.264646530151367
-29.937744140625,2.264847755432129
-29.937744140625,2.2650468349456787
-29.937744140625,2.265245199203491
-27.64892578125,2.2660319805145264
-27.64892578125,2.26623272895813
-27.64892578125,2.266432046890259
-27.4658203125,2.266629695892334
-27.4658203125,2.2668278217315674
-21.97265625,2.2676146030426025
-31.1279296875,2.2678163051605225
-31.1279296875,2.268014669418335
-31.1279296875,2.2682130336761475
-28.9306640625,2.268411159515381
-26.7333984375,2.269219398498535
-26.7333984375,2.269425392150879
-26.7333984375,2.26962947845459
-31.1279296875,2.269833564758301
-31.1279296875,2.2700371742248535
-2.38037109375,2.2708535194396973
-20.5078125,2.271061897277832
-20.5078125,2.271266222000122
-20.5078125,2.271470308303833
-22.064208984375,2.271674394607544
-27.64892578125,2.272469997406006
-27.64892578125,2.272676944732666
-28.656005859375,2.272880792617798
-28.656005859375,2.2730844020843506
-28.656005859375,2.2732887268066406
-26.092529296875,2.2740871906280518
-26.092529296875,2.2743165493011475
-2.655029296875,2.274526834487915
-21.42333984375,2.2747256755828857
-21.42333984375,2.2749252319335938
-26.18408203125,2.275754928588867
-31.402587890625,2.2759573459625244
-31.402587890625,2.276156187057495
-31.402587890625,2.2763547897338867
-21.97265625,2.276553153991699
-16.571044921875,2.2773497104644775
-16.571044921875,2.2775490283966064
-25.543212890625,2.2777504920959473
-25.543212890625,2.277949810028076
-25.543212890625,2.278148889541626
-27.374267578125,2.2789549827575684
-27.374267578125,2.279157876968384
-27.374267578125,2.2793564796447754
-23.712158203125,2.279555082321167
-23.712158203125,2.2797532081604004
-23.98681640625,2.28055477142334
-0.54931640625,2.280754566192627
-23.345947265625,2.2809560298919678
-23.345947265625,2.2811551094055176
-46.783447265625,2.28135347366333
-28.106689453125,2.2821428775787354
-28.106689453125,2.2823455333709717
-28.106689453125,2.2825441360473633
-34.515380859375,2.282742500305176
-34.515380859375,2.2829413414001465
-30.21240234375,2.2837295532226562
-33.14208984375,2.2839314937591553
-33.14208984375,2.284130573272705
-33.14208984375,2.284329652786255
-38.543701171875,2.2845282554626465
-35.430908203125,2.2853140830993652
-35.430908203125,2.2855169773101807
-22.15576171875,2.2857160568237305
-22.15576171875,2.285914421081543
-22.15576171875,2.2861127853393555
-26.458740234375,2.2869157791137695
-26.55029296875,2.2871174812316895
-26.55029296875,2.287315845489502
-26.55029296875,2.2875144481658936
-27.4658203125,2.2877120971679688
-21.6064453125,2.2885026931762695
-21.6064453125,2.2887117862701416
-29.937744140625,2.288912296295166
-29.937744140625,2.2891104221343994
-29.937744140625,2.289308547973633
-27.008056640625,2.290160655975342
-27.008056640625,2.2903647422790527
-27.008056640625,2.2905633449554443
-25.08544921875,2.290762424468994
-25.08544921875,2.2909605503082275
-26.824951171875,2.2917823791503906
-27.374267578125,2.291984796524048
-27.374267578125,2.2921836376190186
-27.374267578125,2.292382001876831
-27.83203125,2.2925806045532227
-30.57861328125,2.2933871746063232
-30.57861328125,2.2935893535614014
-29.937744140625,2.293788433074951
-29.937744140625,2.2939867973327637
-29.937744140625,2.2941856384277344
-30.21240234375,2.294989585876465
-27.740478515625,2.2951903343200684
-27.740478515625,2.295388698577881
-27.740478515625,2.2955870628356934
-27.191162109375,2.2957851886749268
-29.6630859375,2.2965779304504395
-29.6630859375,2.2967801094055176
-28.01513671875,2.2969789505004883
-28.01513671875,2.297177791595459
-28.01513671875,2.2973761558532715
-29.205322265625,2.2981631755828857
-29.205322265625,2.298365592956543
-29.205322265625,2.2985641956329346
-27.008056640625,2.298762559890747
-27.008056640625,2.2989606857299805
-26.55029296875,2.2997488975524902
-28.289794921875,2.29995059967041
-28.289794921875,2.300150156021118
-28.289794921875,2.3003482818603516
-28.289794921875,2.300546407699585
-27.099609375,2.301331043243408
-27.099609375,2.301532030105591
-27.099609375,2.3017303943634033
-31.036376953125,2.301928758621216
-31.036376953125,2.3021271228790283
-31.67724609375,2.302931308746338
-29.296875,2.303133010864258
-29.296875,2.3033323287963867
-29.296875,2.3035314083099365
-24.169921875,2.303729772567749
-20.599365234375,2.304518222808838
-20.599365234375,2.304720878601074
-27.557373046875,2.304919481277466
-27.557373046875,2.3051178455352783
-27.557373046875,2.305316686630249
-36.712646484375,2.3061044216156006
-37.445068359375,2.3063037395477295
-37.445068359375,2.306504964828491
-37.445068359375,2.3067033290863037
-36.712646484375,2.3069019317626953
-33.50830078125,2.3076868057250977
-33.50830078125,2.3078885078430176
-26.7333984375,2.308087110519409
-26.7333984375,2.3082849979400635
-26.7333984375,2.308483600616455
-24.71923828125,2.309267282485962
-24.71923828125,2.309469699859619
-24.71923828125,2.309669017791748
-18.85986328125,2.3098676204681396
-18.85986328125,2.310065984725952
-27.4658203125,2.310964822769165
-28.74755859375,2.311166524887085
-28.74755859375,2.311363935470581
-28.74755859375,2.311561107635498
-24.90234375,2.311757802963257
-18.585205078125,2.3125834465026855
-18.585205078125,2.312784194946289
-21.05712890625,2.312981605529785
-21.05712890625,2.313178539276123
-21.05712890625,2.313375234603882
-22.705078125,2.3141798973083496
-22.52197265625,2.314378023147583
-22.52197265625,2.31457781791687
-45.95947265625,2.3147754669189453
-25.543212890625,2.314972162246704
-23.162841796875,2.3157711029052734
-23.162841796875,2.3159689903259277
-23.345947265625,2.3161678314208984
-23.345947265625,2.316364049911499
-23.345947265625,2.3165600299835205
-28.38134765625,2.3173811435699463
-28.38134765625,2.317584753036499
-28.38134765625,2.3177859783172607
-34.515380859375,2.3179874420166016
-34.515380859375,2.318188190460205
-27.008056640625,2.3190298080444336
-32.501220703125,2.3192384243011475
-32.501220703125,2.3194403648376465
-32.501220703125,2.3196418285369873
-33.966064453125,2.319843292236328
-33.416748046875,2.3206543922424316
-33.416748046875,2.3208584785461426
-32.684326171875,2.3210608959198
-32.684326171875,2.321262836456299
-32.684326171875,2.32149600982666
-33.3251953125,2.3223307132720947
-33.3251953125,2.3225326538085938
-33.3251953125,2.32273006439209
-28.9306640625,2.3229267597198486
-28.9306640625,2.3231239318847656
-39.73388671875,2.32393217086792
-29.571533203125,2.3241333961486816
-29.571533203125,2.3243308067321777
-29.571533203125,2.324528694152832
-28.1982421875,2.3247270584106445
-26.0009765625,2.325531005859375
-26.0009765625,2.3257317543029785
-26.0009765625,2.3259286880493164
-25.08544921875,2.3261258602142334
-25.08544921875,2.326324462890625
-46.142578125,2.327118158340454
-28.472900390625,2.3273165225982666
-28.472900390625,2.327515125274658
-28.472900390625,2.3279366493225098
-35.614013671875,2.3281354904174805
-33.782958984375,2.3289575576782227
-25.634765625,2.329155921936035
-25.634765625,2.3293559551239014
-25.634765625,2.3297677040100098
-34.60693359375,2.3299670219421387
-33.87451171875,2.3308041095733643
-29.84619140625,2.3310039043426514
-29.84619140625,2.3312013149261475
-29.84619140625,2.3313980102539062
-32.135009765625,2.3315951824188232
-27.557373046875,2.332401752471924
-27.557373046875,2.3326032161712646
-27.557373046875,2.3328003883361816
-27.557373046875,2.3329968452453613
-27.557373046875,2.3331940174102783
-25.2685546875,2.333993673324585
-25.2685546875,2.3341915607452393
-25.2685546875,2.3343920707702637
-1.8310546875,2.3345887660980225
-17.303466796875,2.334785223007202
-25.726318359375,2.3355798721313477
-25.726318359375,2.335780382156372
-31.768798828125,2.335977077484131
-31.768798828125,2.3361740112304688
-31.768798828125,2.3363702297210693
-24.71923828125,2.3371942043304443
-24.71923828125,2.337399482727051
-24.71923828125,2.337601661682129
-33.87451171875,2.337803840637207
-33.87451171875,2.338005781173706
-31.219482421875,2.338843584060669
-26.0009765625,2.339052438735962
-26.0009765625,2.3392539024353027
-26.0009765625,2.3394556045532227
-32.958984375,2.3396570682525635
-28.9306640625,2.3404650688171387
-28.9306640625,2.340667724609375
-23.4375,2.340874671936035
-23.4375,2.3410768508911133
-23.4375,2.341278314590454
-24.078369140625,2.3420815467834473
-24.078369140625,2.3423261642456055
-24.078369140625,2.342531204223633
-26.824951171875,2.342733383178711
-26.824951171875,2.34293532371521
-26.641845703125,2.343754291534424
-28.9306640625,2.343963146209717
-28.9306640625,2.3441662788391113
-28.9306640625,2.3443684577941895
-26.641845703125,2.3445701599121094
-20.5078125,2.345379114151001
-20.5078125,2.3455820083618164
-23.162841796875,2.345785617828369
-23.162841796875,2.345987558364868
-23.162841796875,2.3461897373199463
-30.21240234375,2.3470046520233154
-30.21240234375,2.3472137451171875
-30.21240234375,2.3474156856536865
-22.3388671875,2.3476169109344482
-22.3388671875,2.347818374633789
-22.88818359375,2.3486649990081787
-21.240234375,2.3488686084747314
-21.240234375,2.3490710258483887
-21.240234375,2.3492727279663086
-28.38134765625,2.3494749069213867
-30.853271484375,2.3503007888793945
-30.853271484375,2.350508451461792
-31.31103515625,2.35071063041687
-31.31103515625,2.35091233253479
-31.31103515625,2.351113796234131
-34.881591796875,2.3519232273101807
-27.83203125,2.352126359939575
-27.83203125,2.3523333072662354
-27.83203125,2.3525359630584717
-35.430908203125,2.3527374267578125
-28.01513671875,2.3535375595092773
-28.01513671875,2.353740930557251
-33.416748046875,2.3539483547210693
-33.416748046875,2.3541502952575684
-33.416748046875,2.3543572425842285
-32.958984375,2.3551602363586426
-32.958984375,2.3553688526153564
-32.958984375,2.3555710315704346
-32.5927734375,2.3557729721069336
-32.5927734375,2.3559746742248535
-30.94482421875,2.356782913208008
-39.093017578125,2.356985569000244
-39.093017578125,2.3571929931640625
-39.093017578125,2.3573946952819824
-37.353515625,2.3575963973999023
-42.48046875,2.3583977222442627
-42.48046875,2.3586063385009766
-36.712646484375,2.358808755874634
-36.712646484375,2.3590099811553955
-36.712646484375,2.3592112064361572
-28.01513671875,2.3600223064422607
-28.01513671875,2.3602302074432373
-28.01513671875,2.3604319095611572
-34.97314453125,2.3606338500976562
-34.97314453125,2.360835313796997
-24.169921875,2.3616347312927246
-26.3671875,2.361837148666382
-26.3671875,2.3620457649230957
-26.3671875,2.362277030944824
-30.120849609375,2.3624794483184814
-27.923583984375,2.363288164138794
-27.923583984375,2.363485813140869
-28.1982421875,2.3636844158172607
-28.1982421875,2.363880157470703
-28.1982421875,2.3640763759613037
-46.783447265625,2.3648781776428223
-31.402587890625,2.3652243614196777
-31.402587890625,2.365422010421753
-30.21240234375,2.365617275238037
-30.21240234375,2.3658127784729004
-32.5927734375,2.3666536808013916
-26.0009765625,2.3668534755706787
-26.0009765625,2.3670506477355957
-26.0009765625,2.3672475814819336
-31.036376953125,2.3674442768096924
-22.613525390625,2.36824893951416
-22.613525390625,2.3684499263763428
-21.42333984375,2.3686466217041016
-21.42333984375,2.3688433170318604
-21.42333984375,2.369040012359619
-4.302978515625,2.369838237762451
-18.035888671875,2.3700358867645264
-18.035888671875,2.370234489440918
-18.035888671875,2.3704326152801514
-19.775390625,2.3706295490264893
-18.585205078125,2.3714256286621094
-18.585205078125,2.3716235160827637
-22.430419921875,2.37182354927063
-22.430419921875,2.3720202445983887
-22.430419921875,2.37221622467041
-35.5224609375,2.3730063438415527
-35.5224609375,2.373204469680786
-35.5224609375,2.373400926589966
-24.810791015625,2.373596429824829
-24.810791015625,2.3737924098968506
-38.360595703125,2.374601125717163
-38.360595703125,2.374799966812134
-30.94482421875,2.3749966621398926
-30.94482421875,2.3751933574676514
-30.94482421875,2.37539005279541
-31.036376953125,2.3761820793151855
-31.036376953125,2.3763797283172607
-31.036376953125,2.3765780925750732
-21.97265625,2.376775026321411
-21.97265625,2.37697172164917
-22.705078125,2.3777670860290527
-31.8603515625,2.3779642581939697
-31.8603515625,2.3781638145446777
-31.8603515625,2.3783621788024902
-39.093017578125,2.3785598278045654
-37.261962890625,2.3793556690216064
-37.261962890625,2.3795549869537354
-37.261962890625,2.379751682281494
-30.487060546875,2.379948377609253
-30.487060546875,2.38014554977417
-28.289794921875,2.3809351921081543
-27.740478515625,2.381134510040283
-27.740478515625,2.381331205368042
-27.740478515625,2.381527900695801
-25.08544921875,2.3817245960235596
-28.472900390625,2.382521629333496
-28.472900390625,2.3827199935913086
-36.163330078125,2.3829169273376465
-36.163330078125,2.3831138610839844
-36.163330078125,2.383310079574585
-38.726806640625,2.3841018676757812
-38.726806640625,2.3843023777008057
-38.726806640625,2.3844993114471436
-38.726806640625,2.384695529937744
-26.824951171875,2.384892463684082
-29.205322265625,2.3856804370880127
-29.205322265625,2.385878086090088
-31.494140625,2.386078119277954
-31.494140625,2.386274814605713
-31.494140625,2.386474370956421
-30.57861328125,2.3872628211975098
-30.57861328125,2.3874638080596924
-30.57861328125,2.3876607418060303
-32.135009765625,2.387857437133789
-32.135009765625,2.388054132461548
-27.191162109375,2.3888399600982666
-27.557373046875,2.389040231704712
-27.557373046875,2.389237642288208
-27.557373046875,2.3894338607788086
-27.557373046875,2.3896305561065674
-30.029296875,2.390463352203369
-30.029296875,2.390665292739868
-30.029296875,2.390864133834839
-31.402587890625,2.3910634517669678
-31.402587890625,2.3912620544433594
-34.698486328125,2.3920955657958984
-32.77587890625,2.392296552658081
-32.77587890625,2.392498016357422
-32.77587890625,2.3926963806152344
-35.33935546875,2.392895460128784
-32.867431640625,2.3936996459960938
-32.867431640625,2.393899440765381
-15.838623046875,2.3941009044647217
-15.838623046875,2.3943002223968506
-15.838623046875,2.394498586654663
-18.49365234375,2.395289421081543
-18.49365234375,2.395491361618042
-18.49365234375,2.3956899642944336
-28.289794921875,2.3958888053894043
-28.289794921875,2.396087169647217
-27.923583984375,2.3968756198883057
-27.923583984375,2.3970749378204346
-28.472900390625,2.3972761631011963
-28.472900390625,2.397475242614746
-5.035400390625,2.3976736068725586
-22.247314453125,2.3984591960906982
-22.247314453125,2.3986616134643555
-22.247314453125,2.3988606929779053
-21.97265625,2.399059534072876
-21.97265625,2.3992583751678467
-24.35302734375,2.400068998336792
-22.15576171875,2.400268316268921
-22.15576171875,2.4004697799682617
-22.15576171875,2.4006683826446533
-21.697998046875,2.400867223739624
75.531005859375,2.401660203933716
75.531005859375,2.401862382888794
2999.908447265625,2.4020614624023438
2999.908447265625,2.4022598266601562
2999.908447265625,2.4024593830108643
2999.908447265625,2.4032537937164307
2999.908447265625,2.4034531116485596
2999.908447265625,2.403653383255005
2999.908447265625,2.4038517475128174
2999.908447265625,2.404050588607788
2999.908447265625,2.404845714569092
2999.908447265625,2.405043840408325
2999.908447265625,2.4052436351776123
2999.908447265625,2.4054412841796875
2999.908447265625,2.4056389331817627
2999.908447265625,2.405836820602417
2999.908447265625,2.406034469604492
2999.908447265625,2.4062321186065674
1562.98828125,2.4064300060272217
1562.98828125,2.406627893447876
1562.98828125,2.406825542449951
-951.0498046875,2.4070231914520264
-951.0498046875,2.4072210788726807
-951.0498046875,2.4074184894561768
-2185.36376953125,2.407616138458252
-2185.36376953125,2.4078142642974854
-2185.36376953125,2.4080116748809814
-2068.17626953125,2.4082093238830566
-2079.52880859375,2.408406972885132
-2079.52880859375,2.408604145050049
-1798.27880859375,2.408802032470703
-1789.398193359375,2.4089999198913574
-1789.398193359375,2.4091975688934326
-1672.210693359375,2.409395217895508
-1667.816162109375,2.409592628479004
-1667.816162109375,2.409790277481079
-1667.816162109375,2.4099884033203125
-1637.603759765625,2.4101858139038086
-1637.603759765625,2.410383939743042
-1637.603759765625,2.410581350326538
-1620.574951171875,2.4107789993286133
-1620.574951171875,2.4109768867492676
-1620.574951171875,2.4111742973327637
-1441.95556640625,2.411371946334839
-1441.95556640625,2.411569595336914
-1441.95556640625,2.411766767501831
-769.683837890625,2.4119644165039062
-769.683837890625,2.4121620655059814
-769.683837890625,2.4123597145080566
-600.494384765625,2.412557363510132
-600.494384765625,2.412755012512207
-600.494384765625,2.4129526615142822
-717.681884765625,2.4131505489349365
-723.9990234375,2.4133481979370117
-723.9990234375,2.413545608520508
-1169.3115234375,2.413743257522583
-1149.90234375,2.413940906524658
-1149.90234375,2.4141385555267334
-1149.90234375,2.4143364429473877
-1883.97216796875,2.414533853530884
-1883.97216796875,2.41473126411438
-1883.97216796875,2.414928913116455
-1836.456298828125,2.4151268005371094
-1836.456298828125,2.4153242111206055
-1836.456298828125,2.4155218601226807
-996.734619140625,2.415719509124756
-996.734619140625,2.415916919708252
-996.734619140625,2.416114568710327
753.570556640625,2.4163124561309814
753.570556640625,2.4165098667144775
753.570556640625,2.416707754135132
2801.33056640625,2.416905403137207
2801.33056640625,2.417102813720703
2801.33056640625,2.4173007011413574
2999.908447265625,2.4174981117248535
2999.908447265625,2.4176957607269287
2999.908447265625,2.417893648147583
2999.908447265625,2.418091058731079
2999.908447265625,2.4182887077331543
2999.908447265625,2.4184963703155518
2999.908447265625,2.4186935424804688
2999.908447265625,2.418890953063965
2999.908447265625,2.419088125228882
2999.908447265625,2.419285774230957
2999.908447265625,2.4194834232330322
2999.908447265625,2.4196808338165283
2999.908447265625,2.4198782444000244
912.41455078125,2.4200756549835205
912.41455078125,2.4202730655670166
912.41455078125,2.420470714569092
-1025.115966796875,2.420667886734009
-1025.115966796875,2.420865297317505
-1025.115966796875,2.421062707901001
-1817.87109375,2.421260118484497
-1817.87109375,2.4214577674865723
-1817.87109375,2.4216558933258057
-1862.73193359375,2.4218530654907227
-1862.73193359375,2.4220504760742188
-1862.73193359375,2.4222476482391357
-2276.55029296875,2.4224460124969482
-2276.55029296875,2.4226431846618652
-2276.55029296875,2.4228405952453613
-2604.67529296875,2.4230380058288574
-2618.0419921875,2.4232354164123535
-2618.0419921875,2.4234330654144287
-2993.0419921875,2.423630475997925
-3000.0,2.423827886581421
-3000.0,2.424025058746338
-3000.0,2.424222707748413
-3000.0,2.424420118331909
-3000.0,2.4246175289154053
-3000.0,2.4248151779174805
-3000.0,2.4250125885009766
-3000.0,2.4252099990844727
-3000.0,2.425407648086548
-3000.0,2.425605058670044
-3000.0,2.425802230834961
-3000.0,2.425999641418457
-2900.115966796875,2.4261972904205322
-2900.115966796875,2.4263949394226074
-2900.115966796875,2.4265923500061035
-2461.395263671875,2.4267899990081787
-2461.395263671875,2.426987409591675
-2461.395263671875,2.427184820175171
-1969.207763671875,2.427381992340088
-1987.152099609375,2.427579402923584
-1987.152099609375,2.427777051925659
-1448.089599609375,2.4279744625091553
-1430.419921875,2.4281718730926514
-1430.419921875,2.4283692836761475
-797.607421875,2.4285669326782227
-810.97412109375,2.4287643432617188
-810.97412109375,2.428961992263794
-810.97412109375,2.429158926010132
-348.08349609375,2.429356336593628
-348.08349609375,2.429553747177124
-348.08349609375,2.42975115776062
-150.054931640625,2.4299488067626953
-150.054931640625,2.4301462173461914
-150.054931640625,2.4303438663482666
-207.550048828125,2.4305410385131836
-207.550048828125,2.4307384490966797
-207.550048828125,2.430936098098755
-240.78369140625,2.431133270263672
-240.78369140625,2.431331157684326
-240.78369140625,2.4315288066864014
-133.6669921875,2.4317259788513184
-133.6669921875,2.4319236278533936
-133.6669921875,2.4321208000183105
30.3955078125,2.4323182106018066
41.3818359375,2.432515859603882
41.3818359375,2.432713270187378
17.9443359375,2.432910680770874
22.52197265625,2.4331085681915283
22.52197265625,2.4333059787750244
22.52197265625,2.4335033893585205
-395.416259765625,2.4337010383605957
-395.416259765625,2.4338979721069336
-395.416259765625,2.434095621109009
-935.11962890625,2.4342966079711914
-935.11962890625,2.4345221519470215
-935.11962890625,2.4347517490386963
-1345.64208984375,2.4349524974823
-1345.64208984375,2.435150384902954
-1345.64208984375,2.435347557067871
-1525.45166015625,2.435544490814209
-1525.45166015625,2.435741424560547
-1525.45166015625,2.435938596725464
-1538.726806640625,2.436135768890381
-1538.726806640625,2.436332941055298
-1538.726806640625,2.436530113220215
-1646.392822265625,2.436727285385132
-1646.392822265625,2.4369242191314697
-1646.392822265625,2.4371213912963867
-1723.57177734375,2.4373183250427246
-1723.57177734375,2.4375159740448
-1723.57177734375,2.4377126693725586
-1529.84619140625,2.4379096031188965
-1529.84619140625,2.4381377696990967
-1529.84619140625,2.438337802886963
-1128.387451171875,2.4385359287261963
-1128.387451171875,2.4387335777282715
-1128.387451171875,2.4389312267303467
-753.387451171875,2.439128875732422
-753.84521484375,2.439326524734497
-753.84521484375,2.4395244121551514
-472.59521484375,2.4397222995758057
-485.321044921875,2.439919948577881
-485.321044921875,2.440117359161377
-485.321044921875,2.440315008163452
-279.510498046875,2.4405128955841064
-279.510498046875,2.4407107830047607
-279.510498046875,2.440908432006836
-128.90625,2.441106081008911
-128.90625,2.4413037300109863
-128.90625,2.4415013790130615
56.488037109375,2.441699504852295
56.488037109375,2.44189715385437
56.488037109375,2.442094564437866
197.113037109375,2.4422972202301025
197.113037109375,2.4424943923950195
197.113037109375,2.442692518234253
458.1298828125,2.442889928817749
458.1298828125,2.443087339401245
458.1298828125,2.4432849884033203
463.531494140625,2.4434826374053955
463.531494140625,2.44368052482605
463.531494140625,2.443878173828125
252.593994140625,2.4440758228302
246.185302734375,2.4442732334136963
246.185302734375,2.4444711208343506
-175.689697265625,2.4446685314178467
-169.73876953125,2.44486665725708
-169.73876953125,2.4450643062591553
-169.73876953125,2.4452619552612305
-509.307861328125,2.4454596042633057
-509.307861328125,2.44565749168396
-509.307861328125,2.4458556175231934
-687.103271484375,2.4460532665252686
-687.103271484375,2.4462509155273438
-687.103271484375,2.446448802947998
-832.03125,2.446646213531494
-832.03125,2.4468441009521484
-832.03125,2.4470415115356445
-864.898681640625,2.4472389221191406
-864.898681640625,2.447436571121216
-864.898681640625,2.447634220123291
-914.61181640625,2.447831630706787
-914.61181640625,2.4480297565460205
-914.61181640625,2.4482271671295166
-938.04931640625,2.448424816131592
-955.26123046875,2.448622465133667
-955.26123046875,2.4488203525543213
-1049.01123046875,2.4490182399749756
-1049.652099609375,2.44921612739563
-1049.652099609375,2.449413537979126
-1237.152099609375,2.449610948562622
-1240.90576171875,2.449808359146118
-1240.90576171875,2.4500062465667725
-1240.90576171875,2.4502038955688477
-1462.82958984375,2.450402021408081
-1462.82958984375,2.450599431991577
-1462.82958984375,2.4507973194122314
-1605.010986328125,2.4509947299957275
-1605.010986328125,2.451192855834961
-1605.010986328125,2.451390266418457
-1565.826416015625,2.4515879154205322
-1565.826416015625,2.4517855644226074
-1565.826416015625,2.4519832134246826
-1318.084716796875,2.452180862426758
-1318.084716796875,2.452378511428833
-1318.084716796875,2.452576160430908
-1009.735107421875,2.4527738094329834
-1009.735107421875,2.4529709815979004
-1009.735107421875,2.4531688690185547
-728.485107421875,2.453366279602051
-739.471435546875,2.453563928604126
-739.471435546875,2.4537620544433594
-551.971435546875,2.4539592266082764
-554.8095703125,2.4541571140289307
-554.8095703125,2.4543588161468506
-414.1845703125,2.4545559883117676
-415.008544921875,2.4547533988952637
-415.008544921875,2.4549508094787598
-415.008544921875,2.4551477432250977
-255.615234375,2.455345392227173
-255.615234375,2.45554256439209
-255.615234375,2.455739974975586
-118.10302734375,2.455937147140503
-118.10302734375,2.4561707973480225
-118.10302734375,2.456373929977417
-90.911865234375,2.456571578979492
-90.911865234375,2.456768274307251
-90.911865234375,2.456965446472168
-151.702880859375,2.457162380218506
-151.702880859375,2.457366943359375
-151.702880859375,2.4575655460357666
-265.13671875,2.4577624797821045
-265.13671875,2.4579594135284424
-265.13671875,2.4581570625305176
-411.43798828125,2.4583675861358643
-411.43798828125,2.458570718765259
-411.43798828125,2.4587697982788086
-576.507568359375,2.458967924118042
-576.507568359375,2.4591639041900635
-576.507568359375,2.459359645843506
-717.132568359375,2.4595558643341064
-716.30859375,2.459751844406128
-716.30859375,2.4599502086639404
-810.05859375,2.4601457118988037
-817.108154296875,2.460341215133667
-817.108154296875,2.4605376720428467
-817.108154296875,2.46073317527771
-858.0322265625,2.4609291553497314
-858.0322265625,2.461124897003174
-858.0322265625,2.4613208770751953
-827.63671875,2.461516857147217
-827.63671875,2.46171236038208
-827.63671875,2.4619083404541016
-705.230712890625,2.462104082107544
-705.230712890625,2.4623007774353027
-705.230712890625,2.462496280670166
-577.239990234375,2.4626924991607666
-577.239990234375,2.462888240814209
-577.239990234375,2.4630842208862305
-467.83447265625,2.463279962539673
-467.83447265625,2.4634757041931152
-467.83447265625,2.4636716842651367
-444.39697265625,2.463867425918579
-431.94580078125,2.4640634059906006
-431.94580078125,2.464258909225464
-361.63330078125,2.4644546508789062
-369.964599609375,2.464650869369507
-369.964599609375,2.464848041534424
-369.964599609375,2.465047597885132
-273.74267578125,2.4652438163757324
-273.74267578125,2.465439558029175
-273.74267578125,2.465635299682617
-209.197998046875,2.4658315181732178
-209.197998046875,2.46602725982666
-209.197998046875,2.4662230014801025
-126.617431640625,2.4664194583892822
-126.617431640625,2.4666152000427246
-126.617431640625,2.466811180114746
-77.911376953125,2.4670071601867676
-77.911376953125,2.467202663421631
-77.911376953125,2.4673984050750732
-101.348876953125,2.4675943851470947
-113.525390625,2.467790126800537
-113.525390625,2.4679856300354004
-183.837890625,2.468181610107422
-180.17578125,2.4683773517608643
-180.17578125,2.4685733318328857
-180.17578125,2.468769073486328
-254.150390625,2.4689650535583496
-254.150390625,2.469160795211792
-254.150390625,2.4693565368652344
-291.778564453125,2.469552516937256
-291.778564453125,2.4697482585906982
-291.778564453125,2.4699442386627197
-315.582275390625,2.470139980316162
-315.582275390625,2.4703361988067627
-315.582275390625,2.470531940460205
-312.01171875,2.4707276821136475
-312.01171875,2.470923662185669
-312.01171875,2.4711194038391113
-286.102294921875,2.4713151454925537
-286.102294921875,2.471510887145996
-286.102294921875,2.4717063903808594
-239.227294921875,2.471902370452881
-234.55810546875,2.4720981121063232
-234.55810546875,2.4722938537597656
-234.55810546875,2.472489833831787
-173.2177734375,2.4726853370666504
-173.2177734375,2.472881317138672
-173.2177734375,2.4730770587921143
-136.871337890625,2.4732728004455566
-136.871337890625,2.473468542098999
-136.871337890625,2.4736642837524414
-107.574462890625,2.473860263824463
-107.574462890625,2.4740560054779053
-107.574462890625,2.4742517471313477
-79.4677734375,2.4744479656219482
-79.4677734375,2.4746437072753906
-79.4677734375,2.474839448928833
-52.001953125,2.4750351905822754
-52.001953125,2.475231409072876
-52.001953125,2.4754271507263184
-28.564453125,2.4756226539611816
-39.36767578125,2.475818634033203
-39.36767578125,2.4760143756866455
-39.36767578125,2.476210355758667
-35.33935546875,2.4764060974121094
-35.33935546875,2.4766018390655518
-35.33935546875,2.4767978191375732
-43.39599609375,2.4769935607910156
-43.39599609375,2.477189540863037
-43.39599609375,2.4773855209350586
-59.50927734375,2.47758150100708
-59.50927734375,2.4777770042419434
-59.50927734375,2.477972984313965
-57.586669921875,2.4781687259674072
-57.586669921875,2.478368043899536
-57.586669921875,2.4785633087158203
-64.910888671875,2.4787588119506836
-64.910888671875,2.478954553604126
-64.910888671875,2.4791505336761475
-64.910888671875,2.479346513748169
-64.453125,2.4795424938201904
-64.453125,2.479738235473633
-64.453125,2.479933977127075
-70.3125,2.4801299571990967
-70.3125,2.48032546043396
-70.3125,2.4805219173431396
-64.63623046875,2.480717420578003
-64.63623046875,2.4809131622314453
-64.63623046875,2.481109142303467
-68.389892578125,2.481304883956909
-68.389892578125,2.4815008640289307
-68.389892578125,2.481696605682373
-57.037353515625,2.4818923473358154
-57.037353515625,2.482088327407837
-57.037353515625,2.4822838306427
-34.149169921875,2.4824845790863037
-34.149169921875,2.482680320739746
-34.149169921875,2.4828765392303467
-0.732421875,2.483072280883789
-0.732421875,2.4832682609558105
-0.732421875,2.483464241027832
46.142578125,2.4836606979370117
23.712158203125,2.483856439590454
23.712158203125,2.4840524196624756
47.149658203125,2.484248161315918
47.698974609375,2.4844441413879395
47.698974609375,2.484640598297119
47.698974609375,2.4848365783691406
85.51025390625,2.485032558441162
85.51025390625,2.4852283000946045
85.51025390625,2.485424280166626
126.15966796875,2.4856369495391846
126.15966796875,2.485832452774048
126.15966796875,2.4860284328460693
144.83642578125,2.4862241744995117
144.83642578125,2.486420154571533
144.83642578125,2.486614942550659
145.3857421875,2.4868099689483643
145.3857421875,2.4870047569274902
145.3857421875,2.487199544906616
145.3857421875,2.487394332885742
160.308837890625,2.487588882446289
160.308837890625,2.487783908843994
183.746337890625,2.487978935241699
172.943115234375,2.488173723220825
172.943115234375,2.488368511199951
172.943115234375,2.488563299179077
190.61279296875,2.4887583255767822
190.61279296875,2.488953113555908
190.61279296875,2.489147901535034
208.282470703125,2.48934268951416
208.282470703125,2.4895377159118652
208.282470703125,2.489732503890991
225.40283203125,2.489927291870117
225.40283203125,2.490122079849243
225.40283203125,2.4903178215026855
266.143798828125,2.490513801574707
266.143798828125,2.4907095432281494
266.143798828125,2.490905523300171
289.581298828125,2.4911012649536133
282.16552734375,2.4912970066070557
282.16552734375,2.491492986679077
282.16552734375,2.4916889667510986
288.39111328125,2.49188494682312
288.39111328125,2.4920806884765625
288.39111328125,2.492276668548584
289.947509765625,2.4924726486206055
289.947509765625,2.492668390274048
289.947509765625,2.4928643703460693
280.33447265625,2.4930601119995117
280.33447265625,2.493256092071533
280.33447265625,2.4934518337249756
255.706787109375,2.493647813796997
255.706787109375,2.4938435554504395
255.706787109375,2.494039535522461
239.044189453125,2.4942355155944824
239.044189453125,2.494431495666504
239.044189453125,2.4946279525756836
205.99365234375,2.4948232173919678
205.99365234375,2.4950191974639893
205.99365234375,2.4952151775360107
182.55615234375,2.495410919189453
181.915283203125,2.4956140518188477
181.915283203125,2.495809555053711
158.477783203125,2.4960055351257324
155.82275390625,2.496201753616333
155.82275390625,2.4963977336883545
155.82275390625,2.496593475341797
115.72265625,2.4967892169952393
115.72265625,2.4969851970672607
115.72265625,2.497180938720703
59.6923828125,2.4973769187927246
59.6923828125,2.497572898864746
59.6923828125,2.4977688789367676
16.66259765625,2.49796462059021
16.66259765625,2.4981603622436523
16.66259765625,2.4983627796173096
-15.7470703125,2.498558282852173
-15.7470703125,2.498753786087036
-15.7470703125,2.4989500045776367
-15.7470703125,2.499145746231079
-17.120361328125,2.4993419647216797
-17.120361328125,2.499537467956543
-63.995361328125,2.4997336864471436
-69.854736328125,2.499929428100586
-69.854736328125,2.5001251697540283
-69.854736328125,2.500321626663208
-210.5712890625,2.500520706176758
-210.5712890625,2.5007164478302
-210.5712890625,2.5009119510650635
-247.74169921875,2.501107692718506
-247.74169921875,2.5013039112091064
-247.74169921875,2.501500129699707
-164.337158203125,2.5016961097717285
-164.337158203125,2.501891851425171
-164.337158203125,2.5020878314971924
-135.498046875,2.502283811569214
-135.498046875,2.502483367919922
-135.498046875,2.5026791095733643
-73.42529296875,2.5028748512268066
-73.42529296875,2.5030710697174072
-73.42529296875,2.5032668113708496
-26.55029296875,2.50346302986145
-27.28271484375,2.5036587715148926
-27.28271484375,2.5038552284240723
-3.84521484375,2.5040507316589355
-1.28173828125,2.504246950149536
-1.28173828125,2.5044426918029785
-1.28173828125,2.504638910293579
-2.838134765625,2.5048346519470215
-2.838134765625,2.505030632019043
-2.838134765625,2.5052263736724854
-1.922607421875,2.505422353744507
-1.922607421875,2.5056183338165283
-1.922607421875,2.5058140754699707
8.880615234375,2.5060102939605713
8.880615234375,2.5062060356140137
8.880615234375,2.5064024925231934
-12.0849609375,2.5065982341766357
-12.0849609375,2.5067942142486572
-12.0849609375,2.5069899559020996
-35.5224609375,2.507185935974121
-39.276123046875,2.5073819160461426
-39.276123046875,2.507577657699585
-62.713623046875,2.5077738761901855
-62.713623046875,2.507969856262207
-62.713623046875,2.5081655979156494
-62.713623046875,2.50836181640625
-66.46728515625,2.5085575580596924
-66.46728515625,2.508753776550293
-66.46728515625,2.5089495182037354
-72.69287109375,2.509145498275757
-72.69287109375,2.509341239929199
-72.69287109375,2.5095372200012207
-58.04443359375,2.509733200073242
-58.04443359375,2.5099291801452637
-58.04443359375,2.510125160217285
-3.936767578125,2.5103211402893066
-3.936767578125,2.510516881942749
-3.936767578125,2.5107128620147705
57.4951171875,2.510909080505371
57.4951171875,2.5111048221588135
57.4951171875,2.511301040649414
104.3701171875,2.5114967823028564
102.1728515625,2.511692523956299
102.1728515625,2.5118887424468994
102.1728515625,2.512084484100342
115.814208984375,2.5122807025909424
115.814208984375,2.5124764442443848
115.814208984375,2.5126726627349854
140.167236328125,2.5128684043884277
140.167236328125,2.513064384460449
140.167236328125,2.5132603645324707
134.21630859375,2.513456106185913
134.21630859375,2.5136520862579346
134.21630859375,2.513847827911377
117.645263671875,2.5140440464019775
117.645263671875,2.51423978805542
117.645263671875,2.5144362449645996
100.341796875,2.514631748199463
100.341796875,2.5148274898529053
100.341796875,2.515023708343506
76.904296875,2.5152194499969482
73.150634765625,2.5154154300689697
73.150634765625,2.515611171722412
49.713134765625,2.5158071517944336
50.1708984375,2.516002893447876
50.1708984375,2.5161991119384766
50.1708984375,2.516394853591919
-2.9296875,2.5165905952453613
-2.9296875,2.516786575317383
-2.9296875,2.516983985900879
-38.0859375,2.5171823501586914
-38.0859375,2.5173776149749756
-38.0859375,2.517573356628418
-70.220947265625,2.5177693367004395
-70.220947265625,2.517965316772461
-70.220947265625,2.5181612968444824
-67.93212890625,2.518357992172241
-67.93212890625,2.5185539722442627
-67.93212890625,2.518749713897705
-67.93212890625,2.5189456939697266
-62.347412109375,2.519141674041748
-62.347412109375,2.519338369369507
-38.909912109375,2.51953387260437
-44.403076171875,2.5197298526763916
-44.403076171875,2.519925832748413
-44.403076171875,2.5201215744018555
-11.3525390625,2.520317792892456
-11.3525390625,2.5205135345458984
-11.3525390625,2.520709753036499
13.641357421875,2.5209054946899414
13.641357421875,2.521101474761963
13.641357421875,2.5212976932525635
34.97314453125,2.521493673324585
34.97314453125,2.5216896533966064
34.97314453125,2.521885633468628
38.818359375,2.5220813751220703
38.818359375,2.5222771167755127
38.818359375,2.5224757194519043
29.11376953125,2.5226714611053467
29.11376953125,2.522867441177368
29.11376953125,2.5230631828308105
5.67626953125,2.5232582092285156
4.39453125,2.5234532356262207
4.39453125,2.5236480236053467
-19.04296875,2.5238430500030518
-17.120361328125,2.524038076400757
-17.120361328125,2.524232864379883
-17.120361328125,2.524427890777588
-36.07177734375,2.524622917175293
-36.07177734375,2.524817705154419
-36.07177734375,2.525012731552124
-54.107666015625,2.52520751953125
-54.107666015625,2.525402545928955
-54.107666015625,2.52559757232666
-60.333251953125,2.5257925987243652
-60.333251953125,2.525987386703491
-60.333251953125,2.526182174682617
-49.4384765625,2.526378631591797
-49.4384765625,2.5265743732452393
-49.4384765625,2.5267703533172607
-26.0009765625,2.5269663333892822
-40.10009765625,2.5271623134613037
-40.10009765625,2.527358055114746
-40.10009765625,2.5275540351867676
-26.458740234375,2.527750015258789
-26.458740234375,2.5279457569122314
-26.458740234375,2.528141736984253
-7.32421875,2.5283374786376953
-7.32421875,2.5285332202911377
-7.32421875,2.5287296772003174
-8.7890625,2.5289254188537598
-8.7890625,2.5291213989257812
-8.7890625,2.5293171405792236
8.331298828125,2.529513120651245
8.331298828125,2.5297088623046875
8.331298828125,2.52990460395813
12.725830078125,2.5301008224487305
12.725830078125,2.5302987098693848
12.725830078125,2.530494451522827
12.725830078125,2.5306904315948486
15.472412109375,2.530886173248291
15.472412109375,2.5310821533203125
15.472412109375,2.531278133392334
3.753662109375,2.5314741134643555
3.753662109375,2.531669855117798
3.753662109375,2.5318658351898193
-7.232666015625,2.532061815261841
-7.232666015625,2.532257556915283
-7.232666015625,2.5324535369873047
-19.59228515625,2.532649517059326
-19.59228515625,2.5328454971313477
-19.59228515625,2.53304123878479
-32.40966796875,2.5332369804382324
-32.40966796875,2.533432960510254
-32.40966796875,2.5336287021636963
-26.0009765625,2.533824920654297
-26.0009765625,2.5340206623077393
-26.0009765625,2.5342166423797607
-26.0009765625,2.534414768218994
-41.56494140625,2.5346105098724365
-41.56494140625,2.534806728363037
-65.00244140625,2.5350024700164795
-51.08642578125,2.535198211669922
-51.08642578125,2.5353941917419434
-51.08642578125,2.5355899333953857
-64.453125,2.5357861518859863
-64.453125,2.5359818935394287
-64.453125,2.536177635192871
-65.643310546875,2.5363738536834717
-65.643310546875,2.536569595336914
-65.643310546875,2.5367658138275146
-71.77734375,2.536961555480957
-71.77734375,2.5371577739715576
-71.77734375,2.537353515625
-67.7490234375,2.5375497341156006
-67.7490234375,2.537745475769043
-67.7490234375,2.5379412174224854
-45.95947265625,2.538137435913086
-45.95947265625,2.5383338928222656
-45.95947265625,2.538529634475708
-45.95947265625,2.5387256145477295
-24.627685546875,2.538921594619751
-24.627685546875,2.5391175746917725
-1.190185546875,2.539313554763794
-5.401611328125,2.5395095348358154
-5.401611328125,2.539705514907837
-5.401611328125,2.5399014949798584
-3.47900390625,2.54009747505188
-3.47900390625,2.5402939319610596
-3.47900390625,2.540489912033081
17.2119140625,2.5406856536865234
17.2119140625,2.540881633758545
17.2119140625,2.5410776138305664
23.0712890625,2.541273593902588
23.0712890625,2.5414698123931885
23.0712890625,2.541665554046631
26.7333984375,2.5418615341186523
26.7333984375,2.5420572757720947
26.7333984375,2.5422534942626953
26.7333984375,2.542449712753296
25.177001953125,2.5426456928253174
25.177001953125,2.5428414344787598
1.739501953125,2.5430374145507812
11.810302734375,2.5432333946228027
11.810302734375,2.543429136276245
11.810302734375,2.5436251163482666
8.7890625,2.543821096420288
8.7890625,2.5440170764923096
8.7890625,2.544212818145752
-5.035400390625,2.5444087982177734
-5.035400390625,2.544604778289795
-5.035400390625,2.5448007583618164
-8.331298828125,2.544996738433838
-8.331298828125,2.5451924800872803
-8.331298828125,2.54538893699646
-12.26806640625,2.5455846786499023
-12.26806640625,2.545780658721924
-12.26806640625,2.545976400375366
-19.500732421875,2.5461723804473877
-19.500732421875,2.5463709831237793
-19.500732421875,2.546566963195801
-42.938232421875,2.546762466430664
-31.951904296875,2.5469582080841064
-31.951904296875,2.5471534729003906
-31.951904296875,2.547348976135254
-42.66357421875,2.5475447177886963
-42.66357421875,2.5477402210235596
-42.66357421875,2.5479354858398438
-43.304443359375,2.548131227493286
-43.304443359375,2.5483267307281494
-43.304443359375,2.5485219955444336
-47.607421875,2.548719644546509
-47.607421875,2.5489392280578613
-47.607421875,2.5491418838500977
-37.90283203125,2.549342632293701
-37.90283203125,2.5495386123657227
-37.90283203125,2.5497348308563232
-16.937255859375,2.5499305725097656
-16.937255859375,2.550126314163208
-16.937255859375,2.550323247909546
-0.732421875,2.5505192279815674
-0.732421875,2.5507149696350098
-0.732421875,2.550910711288452
22.705078125,2.5511069297790527
8.514404296875,2.551302671432495
8.514404296875,2.5514986515045166
8.514404296875,2.551694631576538
9.33837890625,2.5518906116485596
9.33837890625,2.552086353302002
9.33837890625,2.5522820949554443
18.6767578125,2.552478075027466
18.6767578125,2.552673816680908
18.6767578125,2.552870273590088
11.16943359375,2.5530660152435303
11.16943359375,2.5532617568969727
11.16943359375,2.553457736968994
-2.105712890625,2.5536534786224365
-2.105712890625,2.553849697113037
-2.105712890625,2.5540454387664795
-18.768310546875,2.554241418838501
-18.768310546875,2.5544376373291016
-18.768310546875,2.554633617401123
-36.163330078125,2.5548298358917236
-36.163330078125,2.555025815963745
-36.163330078125,2.5552215576171875
-59.600830078125,2.555417776107788
-50.445556640625,2.5556135177612305
-50.445556640625,2.555809259414673
-50.445556640625,2.5560059547424316
-61.065673828125,2.556201696395874
-61.065673828125,2.5563976764678955
-61.065673828125,2.556593418121338
-57.4951171875,2.5567896366119385
-57.4951171875,2.556985378265381
-57.4951171875,2.5571813583374023
-44.952392578125,2.5573770999908447
-44.952392578125,2.5575733184814453
-44.952392578125,2.557770252227783
-26.55029296875,2.5579700469970703
-26.55029296875,2.558166027069092
-26.55029296875,2.5583622455596924
-20.233154296875,2.5585579872131348
-20.233154296875,2.5587539672851562
-20.233154296875,2.5589497089385986
-20.233154296875,2.559145927429199
-7.049560546875,2.5593416690826416
-7.049560546875,2.559537410736084
16.387939453125,2.55973219871521
0.18310546875,2.559927463531494
0.18310546875,2.560122489929199
0.18310546875,2.5603175163269043
-0.091552734375,2.5605123043060303
-0.091552734375,2.560706853866577
-0.091552734375,2.560904026031494
-3.662109375,2.56109881401062
-3.662109375,2.561293840408325
-3.662109375,2.561488628387451
-2.655029296875,2.5616836547851562
-2.655029296875,2.5618786811828613
-2.655029296875,2.562073230743408
2.01416015625,2.5622682571411133
2.01416015625,2.562464952468872
2.01416015625,2.5626606941223145
-21.42333984375,2.562856674194336
-3.387451171875,2.5630524158477783
-3.387451171875,2.563248634338379
-3.387451171875,2.5634446144104004
-5.31005859375,2.5636403560638428
-5.31005859375,2.5638363361358643
-5.31005859375,2.5640323162078857
-15.655517578125,2.5642282962799072
-15.655517578125,2.5644242763519287
-15.655517578125,2.56462025642395
-18.218994140625,2.5648210048675537
-18.218994140625,2.565016984939575
-18.218994140625,2.5652127265930176
-47.42431640625,2.5654091835021973
-47.42431640625,2.5656046867370605
-47.42431640625,2.565800905227661
-53.192138671875,2.5659964084625244
-53.192138671875,2.566192388534546
-53.192138671875,2.5663890838623047
-55.206298828125,2.566584825515747
-55.206298828125,2.5667808055877686
-55.206298828125,2.566976547241211
-31.768798828125,2.5671725273132324
-44.952392578125,2.567368268966675
-44.952392578125,2.5675647258758545
-44.952392578125,2.567760467529297
-38.360595703125,2.5679562091827393
-38.360595703125,2.5681521892547607
-38.360595703125,2.568347930908203
-23.529052734375,2.5685441493988037
-23.529052734375,2.568739891052246
-23.529052734375,2.5689358711242676
-13.458251953125,2.56913161277771
-13.458251953125,2.5693275928497314
-13.458251953125,2.569523811340332
5.035400390625,2.5697195529937744
5.035400390625,2.569915533065796
5.035400390625,2.5701112747192383
17.39501953125,2.570307731628418
17.39501953125,2.5705034732818604
17.39501953125,2.570699691772461
17.39501953125,2.5708954334259033
20.050048828125,2.5710911750793457
20.050048828125,2.5712873935699463
20.050048828125,2.5714831352233887
17.578125,2.5716793537139893
17.578125,2.5718750953674316
17.578125,2.5720713138580322
16.754150390625,2.5722670555114746
16.754150390625,2.572463035583496
16.754150390625,2.5726592540740967
7.965087890625,2.572855234146118
7.965087890625,2.5730509757995605
7.965087890625,2.573246717453003
3.2958984375,2.5734426975250244
3.2958984375,2.573638439178467
3.2958984375,2.5738348960876465
-0.823974609375,2.574030637741089
-0.823974609375,2.5742266178131104
-0.823974609375,2.574422836303711
-0.823974609375,2.5746188163757324
-7.87353515625,2.574814796447754
-7.87353515625,2.5750105381011963
-31.31103515625,2.5752065181732178
-24.078369140625,2.57540225982666
-24.078369140625,2.5755984783172607
-24.078369140625,2.575794219970703
-27.64892578125,2.5759904384613037
-27.64892578125,2.576186180114746
-27.64892578125,2.5763819217681885
-45.7763671875,2.57657790184021
-45.7763671875,2.5767736434936523
-45.7763671875,2.576969861984253
-48.88916015625,2.5771656036376953
-48.88916015625,2.577361822128296
-48.88916015625,2.5775575637817383
-56.396484375,2.5777535438537598
-56.396484375,2.5779495239257812
-56.396484375,2.5781452655792236
-62.164306640625,2.578341484069824
-62.164306640625,2.5785372257232666
-62.164306640625,2.578733205795288
-62.164306640625,2.5789289474487305
-59.6923828125,2.579125165939331
-59.6923828125,2.5793209075927734
-59.6923828125,2.579516649246216
-47.698974609375,2.5797128677368164
-47.698974609375,2.579908609390259
-47.698974609375,2.5801048278808594
-33.3251953125,2.5803005695343018
-33.3251953125,2.5804965496063232
-33.3251953125,2.5806922912597656
-11.627197265625,2.580888032913208
-11.627197265625,2.5810842514038086
-11.627197265625,2.581279754638672
10.162353515625,2.5814759731292725
10.162353515625,2.581671714782715
10.162353515625,2.5818679332733154
20.32470703125,2.582063674926758
20.32470703125,2.5822596549987793
20.32470703125,2.58245587348938
20.32470703125,2.5826520919799805
19.775390625,2.582847833633423
19.775390625,2.5830435752868652
19.775390625,2.5832395553588867
12.8173828125,2.583435297012329
12.8173828125,2.5836312770843506
12.8173828125,2.583827257156372
-2.5634765625,2.5840232372283936
-2.5634765625,2.584219217300415
-2.5634765625,2.5844149589538574
-26.55029296875,2.584611177444458
-26.55029296875,2.5848069190979004
-26.55029296875,2.585002899169922
-35.888671875,2.5851986408233643
-35.888671875,2.585394859313965
-35.888671875,2.5855906009674072
-44.86083984375,2.5857863426208496
-44.86083984375,2.58598256111145
-44.86083984375,2.5861783027648926
-68.29833984375,2.586374521255493
-55.206298828125,2.5865702629089355
-55.206298828125,2.586766481399536
-55.206298828125,2.5869622230529785
-51.08642578125,2.587158203125
-51.08642578125,2.5873541831970215
-51.08642578125,2.587550401687622
-44.3115234375,2.5877461433410645
-44.3115234375,2.587941884994507
-44.3115234375,2.5881378650665283
-43.670654296875,2.5883336067199707
-43.670654296875,2.5885298252105713
-43.670654296875,2.5887258052825928
-25.45166015625,2.5889217853546143
-25.45166015625,2.5891175270080566
-25.45166015625,2.589313268661499
-17.303466796875,2.5895094871520996
-17.303466796875,2.589705467224121
-17.303466796875,2.5899014472961426
2.471923828125,2.590097427368164
2.471923828125,2.590296745300293
2.471923828125,2.590498208999634
2.471923828125,2.590693950653076
12.542724609375,2.5908896923065186
12.542724609375,2.59108567237854
12.542724609375,2.5912814140319824
15.655517578125,2.591477394104004
15.655517578125,2.5916733741760254
15.655517578125,2.591869592666626
34.149169921875,2.5920653343200684
34.149169921875,2.59226131439209
34.149169921875,2.5924572944641113
27.64892578125,2.592653512954712
27.64892578125,2.5928492546081543
27.64892578125,2.5930449962615967
16.571044921875,2.593240976333618
16.571044921875,2.5934367179870605
16.571044921875,2.593632936477661
1.46484375,2.5938286781311035
1.46484375,2.594024419784546
1.46484375,2.5942203998565674
-21.97265625,2.594417095184326
-16.387939453125,2.5946128368377686
-16.387939453125,2.59480881690979
-39.825439453125,2.5950047969818115
-40.191650390625,2.595200538635254
-40.191650390625,2.5953965187072754
-40.191650390625,2.595592498779297
-48.88916015625,2.595787525177002
-48.88916015625,2.595982313156128
-48.88916015625,2.596177339553833
-60.791015625,2.596372365951538
-60.791015625,2.596567153930664
-60.791015625,2.596763849258423
-69.580078125,2.5969576835632324
-69.580078125,2.5971527099609375
-69.580078125,2.5973477363586426
-57.67822265625,2.5975425243377686
-57.67822265625,2.5977373123168945
-57.67822265625,2.5979323387145996
-57.67822265625,2.5981271266937256
-48.431396484375,2.598322868347168
-48.431396484375,2.5985186100006104
-24.993896484375,2.5987143516540527
-26.458740234375,2.5989105701446533
-26.458740234375,2.5991063117980957
-26.458740234375,2.599302291870117
-10.162353515625,2.5994980335235596
