ACC_X,ACC_Y,ACC_Z,Time
-453.369141,314.666748,860.595703,1.287127
-456.298828,312.286377,865.17334,1.287867
-456.481934,322.265625,869.20166,1.288607
-452.819824,325.653076,864.16626,1.289357
-455.383301,314.117432,865.356445,1.290098
-451.721191,311.920166,870.666504,1.290837
-449.707031,314.941406,867.553711,1.291577
-453.369141,311.096191,871.765137,1.292324
-453.552246,318.878174,865.631104,1.293065
-454.101562,316.223145,867.828369,1.293805
-451.629639,311.737061,865.905762,1.294545
-445.129395,314.117432,868.469238,1.295295
-448.150635,318.328857,860.961914,1.296038
-448.699951,312.011719,867.095947,1.296778
-453.826904,317.138672,866.546631,1.297518
-449.523926,319.152832,862.976074,1.298282
-445.129395,318.511963,864.074707,1.299047
-445.037842,321.990967,865.814209,1.299795
-448.33374,323.730469,863.525391,1.300534
-443.664551,322.357178,871.856689,1.301275
-446.868896,313.842773,854.187012,1.302014
-445.770264,319.976807,861.51123,1.302754
-445.037842,323.455811,858.032227,1.303494
-447.692871,321.624756,857.299805,1.304234
-443.756104,324.645996,856.109619,1.304974
-445.3125,313.934326,857.666016,1.305718
-440.368652,320.526123,861.236572,1.306459
-442.840576,313.018799,859.313965,1.30721
-442.382812,312.927246,859.405518,1.307957
-439.727783,319.610596,856.567383,1.308697
-436.523438,321.166992,856.750488,1.309436
-432.403564,315.856934,860.778809,1.310175
-438.537598,324.645996,858.764648,1.310915
-435.791016,318.145752,865.447998,1.311654
-440.826416,320.343018,855.743408,1.312394
-435.058594,316.314697,866.18042,1.313135
-466.369629,327.026367,861.053467,1.313875
-443.115234,324.188232,860.229492,1.314615
-446.868896,319.42749,858.856201,1.315358
-435.241699,305.969238,860.595703,1.316099
-444.030762,320.43457,856.567383,1.316838
-435.974121,322.814941,860.046387,1.317577
-439.819336,318.969727,862.701416,1.318317
-435.974121,320.251465,858.581543,1.319072
-433.868408,317.41333,866.546631,1.319813
-443.29834,317.321777,853.271484,1.320552
-443.756104,312.469482,848.510742,1.321292
-437.805176,325.10376,846.496582,1.322042
-437.530518,321.166992,848.876953,1.322782
-460.968018,314.849854,850.616455,1.323522
-442.29126,316.589355,845.855713,1.324261
-442.932129,305.236816,849.79248,1.325009
-443.481445,309.539795,849.884033,1.325749
-448.059082,312.194824,848.602295,1.326488
-447.235107,317.321777,839.172363,1.327228
-444.213867,324.829102,849.517822,1.327967
-443.29834,323.913574,847.320557,1.328707
-442.840576,316.955566,839.355469,1.329446
-441.375732,317.504883,838.165283,1.330186
-438.903809,317.138672,843.200684,1.330925
-447.143555,318.145752,852.44751,1.331665
-440.2771,321.624756,840.270996,1.332405
-446.136475,322.631836,833.587646,1.333144
-443.29834,320.709229,841.552734,1.333893
-440.734863,322.44873,852.722168,1.334634
-442.749023,320.709229,850.891113,1.335374
-439.178467,319.519043,851.074219,1.336114
-441.009521,327.11792,853.820801,1.336857
-438.171387,319.976807,826.171875,1.337603
-438.354492,325.836182,847.869873,1.338343
-442.382812,321.258545,844.390869,1.339082
-436.889648,325.927734,850.067139,1.339822
-433.502197,316.223145,845.76416,1.340573
-434.875488,326.019287,848.693848,1.341312
-439.63623,318.786621,844.665527,1.342052
-444.30542,320.526123,845.123291,1.342792
-434.60083,322.814941,840.087891,1.343542
-429.56543,320.800781,846.954346,1.344282
-425.354004,319.976807,840.270996,1.345021
-430.938721,314.666748,837.615967,1.345761
-433.959961,311.645508,847.229004,1.346592
-429.931641,312.286377,847.686768,1.347332
-432.952881,314.208984,842.651367,1.348072
-436.798096,313.018799,841.827393,1.348813
-439.63623,317.779541,836.608887,1.349553
-435.516357,318.511963,845.489502,1.350293
-432.769775,315.948486,844.665527,1.351033
-433.776855,315.39917,846.038818,1.351784
-429.290771,311.920166,834.869385,1.352524
-430.389404,310.546875,831.756592,1.353264
-432.312012,312.37793,838.897705,1.354005
-431.121826,311.187744,842.193604,1.354746
-427.55127,308.624268,838.348389,1.355486
-427.642822,308.166504,837.432861,1.356226
-433.776855,312.744141,841.644287,1.356965
-432.037354,306.610107,841.73584,1.357705
-433.868408,311.828613,836.517334,1.358445
-434.875488,303.955078,835.968018,1.359184
-426.9104,310.180664,840.545654,1.359924
-426.9104,306.884766,832.672119,1.360665
-423.614502,304.138184,836.883545,1.361405
-425.90332,300.201416,833.587646,1.362144
-427.642822,300.65918,835.601807,1.362884
-431.854248,299.468994,840.911865,1.363624
-425.170898,281.707764,835.876465,1.364374
-417.755127,297.637939,836.151123,1.365114
-424.804688,304.870605,845.214844,1.365854
-419.311523,309.539795,835.510254,1.366593
-425.628662,306.060791,845.489502,1.367343
-416.381836,300.750732,842.468262,1.368083
-420.776367,298.187256,838.989258,1.368826
-428.741455,305.145264,841.003418,1.36957
-427.734375,327.392578,836.517334,1.370338
-427.642822,298.919678,845.123291,1.371085
-430.297852,305.969238,852.264404,1.371825
-421.234131,312.103271,850.616455,1.372564
-429.016113,309.173584,853.45459,1.373304
-422.973633,308.898926,848.876953,1.374044
-420.593262,312.835693,854.095459,1.374784
-433.044434,314.117432,852.539062,1.375526
-424.255371,319.702148,847.686768,1.376269
-423.248291,309.814453,848.052979,1.377011
-418.121338,304.321289,851.257324,1.377751
-430.389404,304.412842,843.658447,1.378491
-432.128906,305.053711,854.827881,1.379232
-434.051514,306.70166,849.700928,1.379971
-426.086426,306.243896,849.975586,1.380711
-433.868408,303.955078,855.834961,1.381475
-438.262939,306.152344,851.898193,1.382219
-427.642822,297.454834,859.771729,1.382959
-426.544189,298.095703,859.039307,1.383701
-437.530518,300.201416,857.757568,1.384441
-437.347412,295.074463,858.856201,1.385182
-444.854736,296.447754,855.560303,1.385921
-436.889648,292.785645,858.032227,1.386661
-433.685303,289.123535,854.003906,1.387402
-435.882568,290.039062,860.870361,1.388141
-437.255859,280.975342,853.637695,1.388894
-445.037842,285.919189,865.264893,1.389639
-442.199707,283.630371,864.257812,1.390383
-447.32666,286.193848,856.109619,1.391138
-449.615479,286.743164,851.348877,1.39189
-445.495605,280.426025,849.42627,1.392651
-450.073242,272.369385,847.961426,1.393415
-450.073242,279.693604,844.75708,1.394166
-443.756104,275.665283,838.897705,1.394925
-450.98877,267.059326,841.552734,1.395677
-447.967529,267.608643,842.010498,1.396425
-455.108643,261.474609,833.862305,1.39717
-455.657959,263.031006,836.883545,1.397924
-441.650391,262.481689,829.742432,1.398672
-441.833496,265.319824,821.228027,1.399423
-446.136475,255.706787,818.664551,1.400165
-440.826416,256.622314,811.248779,1.400906
-445.587158,249.572754,812.164307,1.401647
-442.382812,238.311768,807.312012,1.40239
-441.925049,246.551514,804.199219,1.40313
-445.587158,247.467041,806.213379,1.403871
-441.558838,245.269775,805.664062,1.404625
-436.340332,241.241455,811.065674,1.405367
-431.304932,240.142822,808.959961,1.406108
-436.157227,235.748291,803.192139,1.40685
-425.90332,229.888916,798.88916,1.407601
-418.85376,238.311768,807.037354,1.408343
-420.959473,234.649658,805.114746,1.409085
-417.388916,231.536865,818.939209,1.409828
-409.057617,226.043701,805.297852,1.410579
-420.86792,227.233887,796.691895,1.41132
-408.782959,222.747803,784.606934,1.412062
-407.226562,220.64209,790.283203,1.412803
-404.663086,228.33252,791.931152,1.413553
-407.684326,215.240479,789.916992,1.414295
-408.325195,217.62085,788.635254,1.415036
-409.515381,228.057861,790.374756,1.415777
-412.17041,230.438232,787.994385,1.416529
-409.14917,222.747803,786.254883,1.417359
-406.768799,222.564697,784.332275,1.418101
-404.47998,217.163086,787.078857,1.418842
-407.958984,217.895508,784.790039,1.419595
-419.86084,224.212646,791.290283,1.420337
-413.17749,223.480225,787.17041,1.421078
-407.043457,227.416992,783.416748,1.42182
-405.853271,230.072021,784.423828,1.422571
-378.02124,233.917236,784.332275,1.423313
-394.40918,232.543945,787.353516,1.424054
-392.486572,243.621826,784.240723,1.424796
-386.71875,249.298096,785.339355,1.425547
-387.908936,251.495361,789.459229,1.426288
-382.324219,255.249023,793.579102,1.42703
-388.000488,257.263184,794.403076,1.427771
-382.781982,258.911133,798.156738,1.428521
-390.014648,260.467529,794.494629,1.429263
-396.148682,261.749268,791.473389,1.430004
-384.979248,261.199951,795.135498,1.430745
-395.050049,262.8479,786.895752,1.431495
-385.894775,260.375977,786.621094,1.432237
-414.367676,257.446289,793.762207,1.432978
-400.634766,261.383057,783.233643,1.433719
-388.916016,263.397217,778.289795,1.43447
-407.13501,263.397217,778.289795,1.435212
-373.352051,279.876709,769.866943,1.435953
-362.091064,288.482666,762.176514,1.436694
-376.739502,278.778076,778.930664,1.437445
-362.365723,272.369385,788.635254,1.438188
-392.39502,274.841309,779.296875,1.438985
-371.063232,281.799316,787.536621,1.439742
-375.0,291.412354,801.544189,1.44052
-370.880127,284.637451,805.297852,1.441266
-366.30249,289.489746,805.297852,1.442008
-374.908447,283.630371,811.157227,1.442749
-387.451172,289.123535,819.122314,1.443502
-382.598877,295.532227,813.446045,1.444244
-378.570557,288.116455,819.671631,1.444985
-366.668701,293.426514,830.566406,1.445726
-366.210938,298.370361,834.869385,1.446478
-366.30249,293.243408,840.454102,1.44722
-366.760254,295.898438,853.271484,1.447961
-377.01416,293.701172,853.088379,1.448702
-376.647949,300.292969,855.926514,1.449454
-387.451172,296.447754,862.060547,1.450195
-398.162842,302.398682,877.441406,1.450936
-399.169922,295.257568,875.427246,1.451677
-406.768799,296.447754,881.378174,1.452428
-406.951904,302.67334,885.681152,1.453169
-413.909912,289.581299,887.145996,1.45391
-424.163818,289.764404,887.237549,1.454653
-421.691895,295.715332,897.583008,1.455406
-417.480469,283.813477,895.294189,1.456148
-426.544189,273.284912,888.61084,1.45689
-427.368164,275.299072,894.378662,1.457632
-430.206299,267.608643,884.399414,1.458385
-431.854248,264.312744,881.103516,1.459126
-443.756104,254.699707,882.568359,1.459867
-449.523926,239.959717,887.512207,1.460609
-462.70752,243.530273,886.962891,1.46136
-473.7854,224.395752,870.300293,1.462102
-480.743408,220.733643,860.961914,1.462843
-488.15918,219.360352,856.933594,1.463583
-493.011475,199.768066,847.045898,1.464334
-498.504639,196.655273,844.665527,1.465075
-502.441406,181.091309,837.158203,1.465816
-501.617432,167.724609,825.805664,1.466557
-509.857178,162.689209,840.911865,1.467314
-513.427734,148.040771,819.122314,1.468063
-515.899658,124.511719,817.108154,1.468804
-519.378662,129.821777,799.072266,1.469545
-538.330078,119.842529,794.86084,1.470296
-536.682129,118.927002,802.093506,1.471037
-541.351318,111.785889,800.994873,1.471778
-544.830322,100.708008,787.445068,1.47252
-553.253174,96.954346,781.677246,1.473273
-557.4646,95.397949,781.585693,1.474015
-562.866211,88.897705,784.606934,1.474756
-557.922363,73.699951,773.162842,1.475497
-558.105469,70.953369,777.374268,1.476245
-558.013916,76.721191,772.613525,1.476986
-557.373047,69.396973,757.965088,1.477727
-561.950684,66.650391,758.422852,1.478468
-553.161621,53.375244,754.394531,1.479219
-553.80249,52.185059,741.760254,1.47996
-553.710938,51.361084,738.647461,1.4807
-559.295654,48.980713,734.161377,1.481441
-554.901123,47.241211,730.682373,1.482191
-552.337646,50.079346,731.689453,1.482933
-550.231934,48.339844,721.984863,1.483673
-552.703857,67.29126,719.696045,1.484415
-552.520752,53.375244,715.026855,1.485165
-548.400879,56.945801,708.709717,1.485906
-544.830322,61.706543,682.342529,1.486647
-543.640137,67.840576,705.871582,1.487388
-540.06958,75.164795,695.983887,1.488138
-536.956787,81.390381,687.194824,1.488967
-526.611328,88.439941,683.441162,1.489708
-520.843506,95.031738,681.884766,1.490449
-523.956299,100.891113,681.243896,1.491204
-508.575439,103.088379,672.454834,1.491946
-509.58252,109.588623,672.454834,1.492688
-506.744385,124.237061,677.307129,1.493429
-512.054443,129.821777,671.264648,1.49418
-515.258789,124.786377,662.750244,1.494921
-511.505127,128.082275,682.067871,1.495662
-505.279541,145.751953,662.841797,1.496403
-447.967529,164.520264,672.637939,1.497154
-421.691895,158.38623,716.400146,1.497895
-450.073242,158.569336,696.533203,1.498636
-410.980225,151.062012,689.483643,1.499377
-439.178467,115.447998,678.497314,1.500128
-462.982178,91.461182,657.897949,1.500869
-497.86377,105.377197,662.200928,1.50161
-471.588135,111.51123,644.805908,1.502351
-498.321533,130.462646,654.052734,1.503101
-491.546631,120.574951,660.552979,1.503842
-476.531982,118.286133,667.144775,1.504584
-496.673584,101.806641,711.181641,1.505325
-492.645264,134.674072,732.971191,1.506076
-446.411133,127.532959,731.048584,1.506817
-445.3125,122.314453,742.30957,1.507558
-434.783936,115.997314,738.647461,1.5083
-404.846191,112.518311,725.280762,1.50905
-417.938232,115.539551,733.062744,1.509791
-396.697998,110.778809,736.175537,1.510541
-399.719238,97.320557,739.929199,1.511327
-401.550293,86.05957,751.739502,1.512079
-377.197266,82.580566,712.280273,1.512821
-402.832031,79.284668,719.055176,1.513562
-405.212402,41.564941,724.456787,1.514304
-419.128418,68.847656,712.280273,1.515054
-379.760742,55.389404,713.653564,1.515795
-388.916016,36.071777,729.309082,1.516536
-379.760742,30.944824,732.421875,1.517278
-370.330811,20.233154,725.189209,1.518019
-355.59082,24.169922,725.097656,1.51876
-360.076904,10.894775,730.499268,1.519501
-353.942871,13.000488,725.280762,1.52026
-343.048096,10.986328,716.308594,1.521001
-340.484619,9.979248,722.442627,1.521742
-334.075928,-1.281738,725.189209,1.522483
-327.392578,4.302979,729.034424,1.523225
-306.976318,3.479004,713.928223,1.523965
-310.36377,8.422852,709.991455,1.524706
-297.637939,16.75415,708.984375,1.525446
-291.046143,17.486572,692.230225,1.526202
-283.081055,17.211914,696.899414,1.526944
-280.792236,30.303955,697.540283,1.527686
-278.503418,36.346436,686.920166,1.528427
-274.108887,49.072266,672.821045,1.529177
-265.045166,48.156738,674.01123,1.52992
-268.341064,30.12085,682.617188,1.530662
-245.727539,37.353516,667.236328,1.531403
-240.234375,50.90332,666.687012,1.532153
-253.326416,42.114258,676.66626,1.532894
-243.438721,51.727295,678.771973,1.533635
-227.142334,46.966553,676.208496,1.534376
-213.134766,61.798096,682.342529,1.535126
-195.831299,57.861328,690.582275,1.535867
-183.746338,82.03125,689.758301,1.536609
-166.07666,99.42627,698.0896,1.53735
-164.520264,87.70752,721.893311,1.538099
-146.392822,90.911865,728.851318,1.53884
-138.153076,96.221924,736.358643,1.539581
-129.364014,99.42627,754.394531,1.540322
-116.546631,99.609375,750.0,1.541072
-108.306885,102.905273,742.401123,1.541814
-110.778809,103.271484,772.705078,1.542556
-108.123779,99.060059,757.232666,1.543297
-106.658936,104.644775,752.197266,1.544049
-130.645752,111.51123,757.965088,1.544791
-129.180908,109.130859,753.845215,1.545532
-138.793945,107.391357,761.077881,1.546274
-148.590088,117.462158,765.838623,1.547012
-155.822754,129.547119,773.529053,1.547743
-175.598145,126.068115,778.564453,1.548475
-205.444336,139.068604,793.85376,1.549206
-222.839355,131.744385,804.382324,1.549938
-245.269775,137.329102,805.206299,1.550678
-272.460938,134.94873,804.748535,1.551418
-278.320312,139.984131,796.691895,1.552157
-286.193848,140.258789,784.790039,1.552897
-288.391113,160.400391,776.092529,1.553637
-289.764404,136.413574,761.993408,1.554377
-292.602539,139.343262,751.556396,1.555116
-290.679932,132.202148,748.443604,1.555856
-291.595459,125.793457,735.26001,1.556596
-280.059814,134.033203,728.759766,1.557335
-280.334473,129.730225,717.498779,1.558075
-282.897949,125.976562,698.272705,1.558815
-285.095215,124.145508,695.892334,1.559556
-295.715332,121.948242,683.71582,1.560383
-294.708252,137.969971,678.222656,1.561123
-296.447754,137.878418,685.72998,1.561863
-306.152344,140.899658,686.37085,1.562603
-316.772461,153.717041,685.638428,1.563343
-315.765381,152.34375,685.089111,1.564083
-331.054688,165.985107,689.025879,1.564823
-335.632324,173.950195,688.751221,1.565562
-337.097168,172.119141,692.047119,1.566301
-341.217041,183.380127,689.758301,1.567041
-341.674805,184.844971,686.004639,1.567781
-355.316162,197.845459,683.624268,1.568521
-353.759766,206.542969,669.342041,1.569261
-353.759766,209.014893,669.158936,1.57
-354.034424,213.775635,663.757324,1.570754
-365.661621,222.564697,664.306641,1.571494
-371.795654,232.818604,662.93335,1.572234
-367.126465,248.016357,646.453857,1.572974
-396.057129,251.77002,641.693115,1.57372
-394.683838,258.178711,656.707764,1.57446
-415.19165,254.058838,666.046143,1.5752
-414.001465,279.327393,668.334961,1.57594
-437.164307,301.757812,687.469482,1.576681
-432.037354,286.102295,697.906494,1.577421
-450.3479,310.821533,685.36377,1.578161
-457.122803,309.631348,698.455811,1.578902
-469.116211,326.11084,700.561523,1.579642
-492.004395,349.639893,695.43457,1.580381
-483.398438,362.457275,709.075928,1.581121
-478.637695,371.520996,718.139648,1.581876
-453.277588,380.310059,742.401123,1.582636
-461.242676,390.197754,756.317139,1.583379
-434.783936,415.283203,779.11377,1.584119
-431.121826,425.354004,807.861328,1.584858
-407.043457,437.530518,823.974609,1.585598
-375.091553,461.05957,827.636719,1.586337
-386.71875,469.299316,836.791992,1.587077
-387.908936,485.137939,847.137451,1.587818
-385.070801,483.947754,842.651367,1.588559
-384.613037,481.018066,849.42627,1.589299
-394.866943,484.771729,840.454102,1.590038
-406.402588,485.961914,831.573486,1.590778
-412.078857,488.708496,812.805176,1.591519
-422.790527,491.912842,814.819336,1.592261
-422.332764,493.652344,808.319092,1.593001
-432.769775,503.631592,803.833008,1.593741
-435.882568,509.399414,814.086914,1.594481
-433.319092,506.378174,818.572998,1.595223
-424.621582,520.019531,821.31958,1.595964
-425.90332,524.230957,822.601318,1.596704
-431.213379,529.083252,841.278076,1.597469
-433.502197,539.245605,835.327148,1.598213
-431.488037,542.999268,837.249756,1.598953
-445.770264,542.633057,834.228516,1.599692
-453.186035,542.08374,817.199707,1.600432
-472.869873,539.0625,812.164307,1.601172
-476.44043,533.203125,806.488037,1.601912
-494.293213,526.428223,804.748535,1.602651
-507.202148,514.343262,791.290283,1.603391
-512.237549,521.209717,780.12085,1.604132
-524.230957,520.935059,775.177002,1.604871
-525.238037,514.984131,782.13501,1.605611
-525.421143,524.505615,775.45166,1.606351
-522.766113,517.456055,789.642334,1.607091
-532.470703,518.554688,795.684814,1.607831
-524.688721,522.583008,793.670654,1.608571
-524.047852,519.65332,787.17041,1.60931
-525.512695,509.490967,783.325195,1.610049
-530.914307,517.456055,777.008057,1.610795
-533.111572,517.089844,764.465332,1.611548
-538.330078,516.357422,756.958008,1.61229
-552.246094,514.434814,749.359131,1.613032
-572.20459,514.343262,744.140625,1.613773
-573.120117,510.5896,734.069824,1.614515
-572.937012,515.533447,729.949951,1.615257
-576.23291,512.145996,725.006104,1.615998
-577.331543,508.300781,715.301514,1.616739
-573.486328,512.145996,715.667725,1.61748
-574.127197,521.209717,715.759277,1.618221
-569.000244,520.385742,714.84375,1.618962
-569.824219,521.759033,718.231201,1.619704
-566.070557,532.745361,719.696045,1.620445
-570.098877,542.907715,715.942383,1.621199
-570.19043,550.689697,711.730957,1.62194
-570.648193,559.661865,718.322754,1.622681
-564.788818,561.584473,716.125488,1.623422
-562.774658,568.817139,726.837158,1.624165
-564.422607,581.634521,731.231689,1.624907
-565.246582,593.353271,728.851318,1.625648
-563.140869,600.219727,727.020264,1.626389
-558.288574,607.543945,727.661133,1.627141
-564.147949,628.143311,724.090576,1.627883
-560.394287,622.833252,728.57666,1.628625
-548.583984,626.861572,732.23877,1.629366
-546.75293,633.728027,737.365723,1.630116
-538.513184,645.172119,741.394043,1.630858
-527.893066,647.277832,744.689941,1.631684
-518.920898,647.735596,772.796631,1.632426
-511.962891,665.130615,752.197266,1.633167
-498.22998,670.98999,756.866455,1.633908
-496.673584,669.158936,759.429932,1.63465
-476.074219,677.581787,767.028809,1.635391
-473.602295,688.018799,773.529053,1.636133
-464.172363,684.448242,772.796631,1.636874
-461.700439,682.525635,778.930664,1.637615
-444.488525,685.913086,786.529541,1.638356
-437.164307,687.37793,838.439941,1.639097
-416.656494,696.166992,805.480957,1.639839
-404.205322,708.80127,812.530518,1.64058
-414.367676,713.470459,833.129883,1.64132
-419.86084,714.019775,803.833008,1.642062
-402.740479,718.414307,811.706543,1.642804
-408.233643,724.822998,800.720215,1.643545
-401.092529,710.998535,815.917969,1.644286
-378.479004,701.660156,834.777832,1.645037
-400.177002,704.223633,818.115234,1.645779
-363.830566,704.13208,813.903809,1.646521
-375.091553,703.033447,810.882568,1.647262
-360.900879,698.181152,807.403564,1.648012
-352.56958,693.786621,801.452637,1.648754
-339.84375,701.843262,808.227539,1.649495
-347.167969,676.300049,824.523926,1.650236
-322.44873,671.447754,820.770264,1.650997
-323.547363,676.025391,812.255859,1.651738
-303.405762,658.813477,819.030762,1.65248
-306.060791,659.729004,812.713623,1.653225
-308.624268,666.687012,808.135986,1.653972
-297.088623,678.222656,781.311035,1.654721
-327.667236,684.082031,697.540283,1.655467
-336.914062,648.376465,718.597412,1.656208
-400.45166,630.889893,713.012695,1.65695
-367.401123,635.375977,685.546875,1.657691
-347.351074,610.107422,751.281738,1.658433
-355.682373,592.437744,778.289795,1.659175
-308.624268,602.966309,783.233643,1.659917
-276.031494,594.177246,781.402588,1.660658
-275.939941,620.635986,765.563965,1.6614
-237.304688,607.177734,769.683838,1.662141
-247.924805,615.692139,767.211914,1.662883
-261.657715,623.748779,758.056641,1.663625
-233.001709,630.706787,727.661133,1.664365
-268.341064,611.022949,717.224121,1.665106
-268.157959,606.445312,714.752197,1.665847
-245.819092,602.69165,681.427002,1.666589
-264.404297,607.269287,684.539795,1.66733
-260.101318,598.937988,682.067871,1.668071
-243.530273,596.832275,689.39209,1.668829
-244.720459,591.156006,697.357178,1.669573
-240.509033,535.491943,732.055664,1.670313
-208.557129,754.760742,602.600098,1.671054
-205.535889,713.470459,586.94458,1.671797
-250.854492,632.720947,681.518555,1.672539
-237.670898,640.869141,630.340576,1.67328
-216.156006,649.291992,610.473633,1.674022
-218.353271,626.495361,692.779541,1.674775
-214.141846,596.466064,701.751709,1.675517
-138.427734,628.967285,681.793213,1.676258
-150.054932,624.938965,678.131104,1.677
-112.976074,638.85498,703.491211,1.677743
-104.553223,673.187256,708.618164,1.678485
-103.088379,653.594971,702.392578,1.679227
-94.848633,680.236816,707.977295,1.679969
-99.334717,668.334961,706.14624,1.680721
-90.362549,660.003662,713.562012,1.681463
-81.115723,648.193359,727.386475,1.682203
-62.072754,676.849365,741.485596,1.682944
-69.671631,653.594971,746.520996,1.683693
-47.424316,654.968262,731.231689,1.684433
-34.332275,683.074951,735.26001,1.685172
-84.869385,686.920166,819.946289,1.685912
-28.106689,675.292969,824.798584,1.68666
-37.719727,703.125,813.262939,1.6874
-67.657471,685.913086,863.433838,1.68814
-44.86084,707.244873,869.384766,1.688879
-22.521973,722.808838,864.532471,1.689619
-37.353516,722.53418,876.434326,1.690359
10.070801,739.562988,870.666504,1.691099
19.40918,735.992432,867.828369,1.691839
-9.155273,730.865479,867.553711,1.692579
13.916016,727.935791,855.010986,1.693319
30.487061,718.963623,851.074219,1.694072
1.464844,691.497803,846.588135,1.694833
36.987305,686.553955,834.136963,1.695595
45.959473,682.342529,834.228516,1.69636
18.310547,661.743164,821.411133,1.697111
21.881104,645.080566,811.889648,1.697863
40.008545,638.671875,807.037354,1.69865
29.296875,631.347656,802.734375,1.699407
26.733398,621.368408,793.304443,1.700174
33.233643,618.438721,780.303955,1.700937
24.44458,617.889404,774.810791,1.701716
45.86792,592.62085,761.901855,1.702493
53.375244,558.929443,749.633789,1.703341
58.410645,538.696289,740.020752,1.704103
75.439453,524.230957,723.54126,1.704892
95.76416,548.76709,636.566162,1.705652
67.474365,550.689697,610.107422,1.706409
83.953857,512.054443,621.643066,1.707154
134.94873,500.610352,571.289062,1.707919
71.594238,498.596191,556.82373,1.70866
59.875488,490.447998,564.697266,1.709399
89.996338,494.567871,553.80249,1.710139
79.742432,497.131348,550.140381,1.710889
89.630127,498.22998,557.4646,1.711628
96.130371,500.88501,550.048828,1.712368
52.185059,566.802979,490.905762,1.713108
212.036133,541.534424,436.706543,1.713857
203.704834,540.252686,466.918945,1.714597
110.595703,504.547119,508.026123,1.715336
155.090332,516.174316,504.730225,1.716076
224.395752,545.471191,487.976074,1.716826
189.971924,578.24707,493.652344,1.717566
152.252197,574.859619,498.87085,1.718306
219.726562,601.593018,495.20874,1.719046
208.557129,601.867676,509.124756,1.719796
167.633057,602.416992,520.477295,1.720535
180.267334,610.931396,548.400879,1.721275
211.578369,613.494873,558.380127,1.722014
186.035156,637.8479,554.80957,1.722763
187.957764,643.707275,596.191406,1.723502
207.183838,656.433105,601.226807,1.724242
206.634521,684.906006,608.642578,1.724993
195.19043,684.539795,636.749268,1.72577
226.043701,693.878174,641.235352,1.726521
222.65625,690.39917,668.884277,1.727263
216.97998,696.899414,671.081543,1.728018
241.333008,696.716309,681.335449,1.728759
230.072021,696.899414,698.455811,1.729498
215.057373,694.152832,707.977295,1.730238
231.262207,700.286865,721.069336,1.730987
241.05835,714.385986,718.597412,1.731727
229.522705,706.054688,719.329834,1.732467
235.015869,719.604492,729.766846,1.733207
233.276367,724.456787,730.133057,1.733947
213.95874,751.00708,728.759766,1.734696
217.346191,767.76123,730.957031,1.735435
232.818604,769.226074,716.674805,1.736175
211.029053,746.612549,701.11084,1.736914
212.860107,752.838135,708.251953,1.737664
209.93042,781.036377,686.737061,1.738403
213.867188,738.830566,612.487793,1.739142
205.26123,726.287842,605.255127,1.739882
176.422119,671.813965,597.564697,1.740633
179.534912,670.074463,527.893066,1.741374
161.04126,650.939941,505.462646,1.742113
144.744873,636.383057,474.884033,1.742852
129.364014,630.249023,453.00293,1.743604
121.948242,625.854492,426.177979,1.744344
119.20166,615.783691,399.44458,1.745083
118.377686,625.946045,389.648438,1.745823
103.912354,610.839844,392.669678,1.746573
96.954346,614.501953,357.879639,1.747313
119.018555,627.593994,361.999512,1.748053
104.187012,633.81958,357.971191,1.748792
90.179443,645.355225,350.646973,1.749541
105.834961,658.813477,336.639404,1.750281
106.292725,672.729492,336.364746,1.751021
94.390869,680.511475,321.807861,1.75176
95.214844,705.596924,313.201904,1.75251
96.862793,716.033936,311.553955,1.75325
94.75708,724.273682,307.800293,1.753989
101.806641,718.139648,302.947998,1.754729
87.70752,720.52002,299.926758,1.755479
78.918457,727.478027,299.6521,1.756218
82.122803,737.365723,299.926758,1.756958
73.608398,753.387451,309.539795,1.757698
67.932129,786.529541,318.328857,1.758447
61.889648,785.614014,325.195312,1.759187
28.930664,809.60083,343.688965,1.759926
13.73291,802.825928,359.710693,1.760666
3.295898,829.01001,386.169434,1.761415
-2.105713,846.954346,411.621094,1.762154
-12.908936,854.827881,428.55835,1.762894
0.640869,873.22998,442.657471,1.763633
1.00708,894.104004,450.897217,1.764383
-7.781982,902.252197,450.439453,1.765123
2.563477,923.492432,465.087891,1.765862
0.457764,936.401367,462.249756,1.766602
-13.916016,944.458008,446.411133,1.767351
-17.944336,951.782227,446.777344,1.76809
-18.035889,969.909668,442.657471,1.76883
-37.261963,972.290039,426.269531,1.769569
-47.790527,978.69873,430.114746,1.770318
-49.987793,991.607666,432.037354,1.771057
-54.107666,1013.85498,424.346924,1.771797
-53.192139,1026.580811,418.670654,1.772536
-72.418213,1025.756836,425.262451,1.773285
-80.474854,1031.707764,421.691895,1.774025
-79.925537,1048.828125,431.945801,1.774765
-81.573486,1062.469482,436.798096,1.775504
-66.650391,1045.98999,436.706543,1.776338
-102.996826,1051.940918,442.565918,1.777079
-130.828857,1080.871582,471.405029,1.777819
-65.551758,1062.103271,471.405029,1.778558
-138.793945,1113.555908,502.349854,1.779299
-96.038818,1931.762695,1944.122314,1.780038
643.157959,2999.908447,2999.908447,1.780778
1345.733643,2999.908447,2999.908447,1.781528
1285.308838,2999.908447,2999.908447,1.78227
1788.299561,2380.554199,2999.908447,1.78301
604.156494,-349.090576,202.423096,1.78375
-871.856689,-66.009521,-74.981689,1.784499
-415.283203,226.501465,-100.708008,1.785239
-41.748047,128.997803,314.300537,1.785978
-167.449951,97.137451,395.599365,1.786718
81.665039,1290.893555,333.80127,1.787457
388.092041,824.981689,237.945557,1.788207
-24.261475,278.594971,37.353516,1.788947
-340.118408,238.311768,-113.250732,1.789686
-894.378662,100.158691,-272.827148,1.790426
-349.731445,593.078613,-510.314941,1.791179
-223.114014,597.564697,-663.482666,1.791919
210.021973,565.704346,-671.99707,1.792658
104.370117,383.148193,-716.400146,1.793398
-194.091797,443.572998,-742.034912,1.794143
-344.146729,584.381104,-740.386963,1.794883
-324.737549,628.967285,-761.810303,1.795622
-339.569092,595.001221,-775.360107,1.796363
-352.111816,584.014893,-747.253418,1.797123
-426.361084,541.168213,-737.731934,1.79787
-400.45166,525.32959,-715.667725,1.798617
-374.542236,470.672607,-687.744141,1.799376
-408.782959,493.286133,-676.849365,1.800118
-368.133545,521.66748,-627.410889,1.800858
-363.464355,545.74585,-572.113037,1.801597
-343.414307,567.810059,-562.5,1.802338
-344.787598,533.660889,-561.859131,1.803078
-246.826172,418.395996,-569.641113,1.803817
-30.395508,491.546631,-592.803955,1.804557
-135.772705,449.981689,-591.064453,1.805296
-307.159424,584.655762,-582.550049,1.806046
-273.376465,653.778076,-516.265869,1.806786
-276.580811,661.834717,-478.45459,1.807525
-302.398682,641.51001,-398.071289,1.808265
-237.579346,664.123535,-315.39917,1.809014
-159.667969,675.750732,-268.249512,1.809753
-233.276367,671.630859,-211.578369,1.810493
-295.257568,657.165527,-166.900635,1.811233
-287.567139,684.997559,-154.266357,1.811983
-286.376953,675.018311,-106.018066,1.812722
-288.574219,686.279297,-85.601807,1.813463
-306.152344,680.419922,-90.637207,1.814203
-303.222656,683.898926,-57.952881,1.814955
-273.55957,660.552979,-40.008545,1.815695
1170.959473,801.635742,58.502197,1.816434
562.225342,916.442871,72.692871,1.817175
-1198.150635,880.737305,11.169434,1.817924
-900.878906,766.296387,80.566406,1.818664
585.9375,758.422852,104.919434,1.819404
-683.074951,793.121338,112.426758,1.820144
-872.314453,822.509766,179.80957,1.820893
128.173828,830.291748,210.113525,1.821632
385.345459,877.532959,390.472412,1.822372
-268.432617,863.708496,482.666016,1.823112
-344.787598,782.226562,600.494385,1.823861
-101.806641,947.479248,635.009766,1.824601
-219.543457,970.092773,636.566162,1.82534
-361.633301,973.571777,576.782227,1.82608
-198.394775,986.480713,537.506104,1.826828
-123.687744,1018.798828,497.131348,1.827569
-136.871338,1028.686523,449.615479,1.828308
98.7854,1038.665771,433.868408,1.829048
164.611816,1016.876221,436.248779,1.829798
67.840576,885.040283,478.088379,1.830538
41.473389,1006.713867,482.391357,1.831278
149.047852,1053.222656,475.341797,1.832018
140.350342,1057.434082,465.545654,1.832766
63.720703,864.532471,466.461182,1.833504
106.47583,1042.144775,477.905273,1.834263
95.672607,1046.173096,480.743408,1.835017
92.102051,1010.559082,473.236084,1.835757
85.601807,1017.242432,479.46167,1.836497
150.604248,959.289551,488.067627,1.837237
95.672607,1106.964111,513.702393,1.837977
120.941162,998.199463,535.491943,1.838717
289.123535,1041.320801,524.963379,1.839456
318.328857,1107.513428,490.081787,1.840196
318.054199,1125.549316,459.411621,1.840935
312.103271,1103.027344,438.720703,1.841675
313.568115,1098.907471,420.318604,1.842415
326.11084,1079.681396,412.261963,1.843154
292.419434,1071.899414,391.937256,1.843904
303.955078,1062.927246,363.464355,1.844644
353.942871,1064.941406,349.731445,1.845384
345.611572,1055.419922,328.033447,1.846123
352.478027,1066.955566,312.286377,1.846945
349.456787,1052.947998,268.52417,1.847684
367.675781,1052.856445,245.452881,1.848422
341.217041,1061.553955,223.937988,1.849175
363.189697,1079.956055,202.789307,1.849916
374.267578,1084.259033,192.718506,1.850656
358.062744,1093.963623,201.141357,1.851396
379.577637,1116.577148,191.986084,1.852136
391.021729,1156.768799,196.655273,1.852894
372.070312,1114.28833,205.352783,1.853634
-71.777344,839.996338,967.712402,1.854374
61.61499,944.274902,756.317139,1.855113
1249.603271,1382.904053,406.036377,1.855862
988.494873,1329.803467,466.644287,1.856602
-152.526855,1240.264893,486.51123,1.857342
73.974609,1323.21167,368.133545,1.858081
558.197021,1353.881836,303.314209,1.858831
27.374268,1300.78125,394.042969,1.859571
141.357422,1329.345703,318.42041,1.860311
240.692139,1369.07959,315.673828,1.86105
54.016113,1324.859619,323.0896,1.861799
61.798096,1320.281982,303.039551,1.862539
123.413086,1330.993652,284.454346,1.863279
135.772705,1308.013916,260.467529,1.864018
19.134521,1306.549072,247.833252,1.864758
-13.824463,1244.110107,239.959717,1.865498
-26.916504,1260.406494,229.156494,1.866238
-148.223877,1284.667969,235.565186,1.866978
-141.082764,1309.387207,378.936768,1.867719
1120.513916,1389.770508,536.499023,1.868458
1358.642578,1371.276855,681.70166,1.869201
574.21875,1331.634521,536.224365,1.869944
-480.285645,1355.712891,557.281494,1.870705
-239.959717,1368.713379,580.352783,1.871452
-128.448486,1366.149902,537.322998,1.872191
41.473389,1395.172119,521.759033,1.872931
65.185547,1391.052246,503.540039,1.873671
-54.56543,1383.453369,490.997314,1.874411
-145.385742,1361.846924,474.060059,1.875151
-142.547607,1349.212646,456.115723,1.87589
-93.383789,1342.62085,450.439453,1.87665
-78.00293,1352.142334,448.699951,1.877391
-91.827393,1357.177734,437.438965,1.87813
-185.028076,1337.036133,438.62915,1.87887
-205.993652,1359.008789,440.368652,1.879619
-227.600098,1332.458496,438.262939,1.880359
-191.802979,1330.078125,430.847168,1.881099
-182.373047,1343.170166,462.890625,1.881839
-167.999268,1361.206055,479.095459,1.882591
-230.529785,1360.931396,546.020508,1.883331
-372.344971,1352.966309,600.952148,1.884073
-208.465576,1344.818115,672.729492,1.884813
-16.296387,1361.297607,658.813477,1.885572
141.540527,1372.009277,618.804932,1.886311
26.824951,1350.494385,543.731689,1.887051
-261.291504,1351.318359,513.427734,1.887791
-190.155029,1355.072021,458.587646,1.88854
-64.453125,1346.466064,422.973633,1.88928
67.474365,1329.711914,409.973145,1.89002
18.585205,1273.31543,389.831543,1.890761
-32.226562,1240.447998,385.528564,1.8915
0.732422,1175.354004,367.950439,1.89224
54.107666,1132.781982,320.068359,1.89298
151.062012,1132.69043,283.172607,1.89372
161.590576,1103.851318,217.62085,1.89446
164.611816,1085.723877,180.633545,1.8952
179.077148,1058.532715,180.358887,1.895939
183.929443,1032.531738,166.992188,1.896679
209.106445,1021.820068,150.146484,1.897419
214.96582,1005.889893,111.236572,1.898158
225.67749,1007.995605,90.454102,1.898898
226.867676,1015.686035,85.235596,1.899637
155.456543,991.424561,76.35498,1.900379
116.18042,970.550537,68.847656,1.901119
-15.106201,945.373535,19.958496,1.901859
-77.545166,938.873291,-44.403076,1.902599
-57.58667,968.62793,-73.699951,1.903339
70.129395,999.755859,-108.673096,1.904079
95.489502,999.481201,-111.236572,1.904818
28.747559,985.473633,-101.898193,1.905558
-10.620117,953.063965,-90.362549,1.906298
-27.099609,917.816162,-85.144043,1.907038
-2.746582,873.779297,-134.216309,1.907777
-12.634277,856.384277,-192.169189,1.908516
12.359619,835.05249,-230.529785,1.909268
53.283691,821.777344,-288.757324,1.910008
148.956299,816.467285,-318.786621,1.910748
133.026123,771.606445,-350.55542,1.911487
83.587646,736.541748,-381.04248,1.912236
20.782471,700.10376,-386.444092,1.912976
60.60791,673.828125,-422.790527,1.913716
94.024658,646.728516,-443.206787,1.914456
132.385254,673.095703,-465.911865,1.915205
180.450439,687.194824,-497.314453,1.915945
335.174561,706.14624,-510.406494,1.916685
429.840088,697.723389,-583.007812,1.917425
495.117188,717.590332,-443.481445,1.918253
286.560059,679.229736,-240.05127,1.918993
-669.158936,742.034912,26.275635,1.919733
-665.588379,849.884033,7.324219,1.920472
401.550293,937.866211,-42.114258,1.921224
884.674072,994.171143,-130.92041,1.921964
592.895508,982.635498,-174.499512,1.922704
-295.98999,910.03418,-243.530273,1.923443
-336.547852,899.780273,-295.349121,1.924193
240.966797,925.598145,-315.490723,1.924932
552.337646,933.47168,-313.201904,1.925672
431.854248,912.231445,-276.580811,1.926412
-85.693359,859.771729,-216.97998,1.927161
-141.63208,859.039307,-206.817627,1.927901
138.153076,902.893066,-260.101318,1.928641
747.344971,1001.403809,-425.628662,1.929381
1743.896484,1027.954102,-144.195557,1.930122
477.539062,896.66748,-4.486084,1.930862
-1367.523193,929.168701,152.709961,1.931601
-1081.420898,974.212646,73.33374,1.932341
1327.331543,1235.229492,-119.384766,1.933081
1568.206787,1267.089844,-233.825684,1.933821
24.993896,1214.172363,-190.338135,1.934561
-741.027832,1124.542236,-104.003906,1.9353
-469.940186,1147.979736,-106.292725,1.93604
708.618164,1246.398926,-157.653809,1.93678
907.104492,1267.364502,-165.710449,1.937519
237.304688,1225.524902,-151.33667,1.938259
-210.479736,1204.467773,-196.014404,1.939007
-369.506836,1168.670654,-246.734619,1.939749
332.15332,1074.279785,-392.578125,1.940494
695.159912,1181.488037,-526.153564,1.941241
651.031494,1286.132812,-551.239014,1.941989
-717.681885,1213.07373,-139.709473,1.942729
-755.950928,1126.190186,-77.453613,1.943468
66.009521,1182.128906,-186.584473,1.944208
660.27832,1336.120605,-295.349121,1.944949
1029.785156,1371.002197,-326.751709,1.945689
243.713379,1352.508545,-404.47998,1.946429
-186.401367,1286.132812,-577.697754,1.947168
-415.740967,1259.033203,-673.461914,1.947927
713.470459,1383.81958,-709.899902,1.948669
1565.460205,1142.76123,-531.829834,1.949409
871.948242,953.796387,-525.512695,1.950148
-633.178711,999.755859,-88.897705,1.950898
-1482.788086,1210.05249,-44.311523,1.951637
-1349.212646,1266.723633,-142.913818,1.952377
-1232.208252,1307.830811,-430.023193,1.953118
-343.963623,1298.400879,-518.371582,1.953867
1686.859131,1473.907471,-139.343262,1.954607
2634.979248,1449.645996,-105.010986,1.955348
-1112.365723,1240.081787,168.457031,1.956089
-1975.891113,1409.820557,167.633057,1.95683
-2330.01709,1445.068359,115.631104,1.95757
-2278.381348,1348.571777,-50.262451,1.958309
-1088.470459,1135.070801,-77.087402,1.959049
2999.908447,1751.77002,-169.464111,1.959789
2999.908447,1428.955078,-67.108154,1.960528
1147.43042,1197.875977,-140.533447,1.961268
230.895996,1436.187744,-329.406738,1.962008
-434.051514,1428.497314,8.331299,1.962749
-2371.765137,1344.268799,63.903809,1.963488
-2708.587646,1368.621826,-43.029785,1.964227
-2527.130127,1356.903076,-128.082275,1.964967
-857.849121,1351.501465,-530.090332,1.965706
-454.193115,1365.692139,-605.438232,1.966446
-431.488037,1320.373535,-553.344727,1.967185
-26.916504,1175.445557,-317.41333,1.967925
2512.023926,1482.147217,-378.387451,1.968673
2988.006592,1296.661377,-267.51709,1.969413
1087.005615,1110.626221,-295.623779,1.970153
-523.864746,1133.880615,-397.338867,1.970893
-679.321289,1248.504639,-407.409668,1.971633
-1080.505371,1248.321533,-246.459961,1.972372
-1617.553711,1334.655762,-45.318604,1.973112
-1693.725586,1378.78418,-48.88916,1.973853
-1602.081299,1359.375,-96.588135,1.974592
-970.550537,1382.904053,-377.655029,1.975332
-423.248291,1368.621826,-325.286865,1.976073
2085.9375,1480.957031,-352.294922,1.976812
2533.813477,1476.104736,-360.26001,1.977562
848.510742,1370.452881,-289.94751,1.978302
-931.732178,1197.509766,-190.704346,1.979039
-873.596191,1278.533936,-193.817139,1.979777
-289.398193,1233.856201,-165.618896,1.980567
34.606934,1206.481934,-193.634033,1.98131
-169.921875,1138.000488,-54.56543,1.98205
-1136.444092,1133.972168,-9.246826,1.982789
-1591.094971,1097.808838,-82.397461,1.98354
-1503.204346,1117.492676,-356.231689,1.984282
-353.302002,1118.225098,-501.525879,1.985023
869.842529,1308.929443,-593.536377,1.985763
2177.307129,1367.156982,-592.437744,1.986605
397.521973,1178.924561,-536.865234,1.987348
-803.192139,1131.225586,-464.263916,1.988088
-1515.563965,1223.876953,-500.88501,1.988829
-838.7146,1181.488037,-506.011963,1.98957
282.897949,1335.9375,-435.699463,1.99031
1205.01709,1374.481201,-336.730957,1.99105
147.674561,1165.283203,-76.721191,1.99179
-607.727051,1089.294434,208.099365,1.992545
1750.946045,2183.258057,1550.994873,1.993286
2999.908447,2916.503906,2680.480957,1.994026
2999.908447,2682.678223,2888.214111,1.994767
2999.908447,2999.908447,2383.209229,1.995509
1220.947266,2999.908447,2984.069824,1.996249
1321.746826,2999.908447,2999.908447,1.996989
466.461182,2999.908447,2999.908447,1.99773
300.201416,2614.379883,1604.003906,1.998482
-1492.30957,837.70752,-1379.516602,1.999222
-2519.073486,44.403076,-2202.11792,1.999962
-3000.0,-755.950928,-2279.571533,2.000702
-966.430664,-326.843262,-1206.848145,2.001442
-341.125488,59.234619,-225.219727,2.002182
-203.979492,946.19751,739.929199,2.002922
47.88208,1136.444092,398.254395,2.003662
1627.258301,1030.609131,113.250732,2.004402
2261.901855,853.179932,-460.235596,2.005142
1617.370605,839.813232,-432.861328,2.005882
295.440674,918.365479,-241.790771,2.006622
-174.865723,875.610352,-523.406982,2.00737
-635.650635,789.642334,-842.193604,2.00811
-323.822021,645.355225,-953.704834,2.00885
-266.51001,687.652588,-506.561279,2.00959
60.699463,867.095947,-312.469482,2.010341
362.640381,940.063477,-194.18335,2.011083
400.543213,869.293213,-182.281494,2.01183
114.440918,631.256104,-583.282471,2.012626
-30.944824,530.914307,-1087.371826,2.013377
-21.514893,535.675049,-1007.995605,2.014117
-162.689209,682.067871,-859.680176,2.014857
328.674316,904.998779,-819.030762,2.015598
-349.273682,740.844727,-979.522705,2.016364
10.620117,763.641357,-480.46875,2.017104
-403.106689,819.671631,-1089.477539,2.017844
143.737793,853.088379,-506.286621,2.018585
-189.788818,746.429443,-586.029053,2.019325
-818.664551,814.727783,-450.256348,2.020064
-466.918945,799.713135,-44.769287,2.020804
290.863037,826.538086,-394.592285,2.021543
626.77002,761.169434,-432.952881,2.022285
670.349121,808.868408,-134.94873,2.023025
638.85498,913.330078,-179.718018,2.023784
292.877197,1083.984375,-189.147949,2.024525
60.516357,1015.594482,-302.947998,2.025265
-205.26123,1015.319824,-388.824463,2.026005
-227.325439,1067.41333,-493.560791,2.026745
-171.936035,1084.259033,-36.529541,2.027484
69.580078,1157.043457,149.32251,2.028239
286.376953,1189.27002,98.052979,2.028979
552.154541,1129.669189,-88.07373,2.029719
499.511719,939.056396,-335.357666,2.030459
442.657471,933.563232,-428.55835,2.031209
331.329346,981.628418,-409.057617,2.031949
297.546387,1067.047119,-356.506348,2.032689
294.342041,1098.907471,-186.401367,2.033429
242.06543,1107.330322,-124.87793,2.034178
190.246582,1066.772461,-237.579346,2.034918
116.546631,1018.52417,-330.963135,2.035658
98.876953,1007.263184,-408.599854,2.036397
123.046875,1011.016846,-429.382324,2.037137
156.188965,1019.165039,-397.155762,2.037877
204.803467,1072.906494,-283.996582,2.038617
286.560059,1091.125488,-295.623779,2.039358
292.96875,1059.906006,-414.916992,2.0401
263.031006,1027.313232,-486.053467,2.040846
207.550049,1016.51001,-495.025635,2.04159
148.406982,1036.193848,-409.790039,2.04233
150.787354,1049.926758,-373.443604,2.04307
152.893066,1051.116943,-365.844727,2.04381
152.160645,1050.384521,-420.593262,2.04455
164.611816,1040.039062,-463.989258,2.04529
182.281494,1033.630371,-502.258301,2.04603
180.999756,1026.763916,-457.946777,2.046771
188.232422,1053.588867,-415.008545,2.047511
194.641113,1052.764893,-425.628662,2.04825
174.133301,1039.306641,-442.749023,2.049006
152.893066,1023.284912,-461.975098,2.049752
143.280029,1019.439697,-475.616455,2.050491
124.328613,1043.701172,-478.179932,2.051231
94.665527,1052.764893,-465.545654,2.051972
112.426758,1057.983398,-462.70752,2.052711
129.455566,1060.36377,-453.826904,2.053452
134.94873,1033.721924,-446.594238,2.054191
149.505615,1051.391602,-443.756104,2.05493
147.216797,1053.222656,-459.594727,2.055746
176.055908,1067.871094,-474.243164,2.056486
177.337646,1071.716309,-447.967529,2.057246
149.963379,1099.914551,-416.473389,2.058008
83.221436,1126.00708,-380.950928,2.058749
47.424316,1121.97876,-394.500732,2.05949
45.684814,1116.760254,-396.240234,2.060231
50.994873,1130.310059,-379.943848,2.060984
69.946289,1134.429932,-363.098145,2.061725
136.230469,1150.634766,-338.287354,2.062466
147.949219,1150.909424,-351.104736,2.063208
162.506104,1153.839111,-344.329834,2.06396
95.581055,1163.909912,-336.82251,2.064703
78.460693,1165.557861,-315.124512,2.065452
-3.662109,1176.818848,-284.545898,2.066194
-29.846191,1174.621582,-307.342529,2.066959
-24.169922,1180.023193,-311.462402,2.067701
24.536133,1181.854248,-308.166504,2.068443
41.015625,1195.220947,-304.138184,2.069185
78.00293,1190.185547,-299.285889,2.069936
80.657959,1176.818848,-303.039551,2.070677
62.347412,1175.262451,-310.546875,2.071418
41.290283,1158.966064,-330.322266,2.072159
39.18457,1161.621094,-329.956055,2.07291
23.712158,1159.423828,-316.680908,2.073651
-44.311523,1169.494629,-298.736572,2.074393
-65.460205,1164.825439,-305.603027,2.075134
-66.741943,1155.395508,-309.448242,2.075885
-44.311523,1131.225586,-354.309082,2.076626
44.86084,1121.154785,-365.753174,2.077367
103.912354,1127.929688,-362.457275,2.078108
119.20166,1122.98584,-356.5979,2.078858
105.194092,1122.070312,-346.069336,2.079607
88.439941,1117.30957,-354.400635,2.080352
62.988281,1114.28833,-354.217529,2.0811
50.994873,1107.60498,-353.118896,2.081872
47.973633,1094.329834,-348.449707,2.082614
58.959961,1093.048096,-340.393066,2.083355
87.06665,1063.568115,-367.675781,2.084096
93.292236,1055.69458,-379.119873,2.084847
92.285156,1032.531738,-392.669678,2.085589
79.376221,1029.876709,-399.44458,2.08633
91.094971,1023.101807,-420.684814,2.087072
91.186523,1003.78418,-427.734375,2.087822
84.686279,1006.530762,-423.156738,2.088563
73.150635,1004.058838,-419.86084,2.089305
89.355469,992.889404,-407.501221,2.090046
103.729248,988.952637,-438.354492,2.090796
98.419189,970.275879,-449.981689,2.091538
66.650391,957.183838,-433.502197,2.092279
39.367676,953.613281,-433.227539,2.093021
83.496094,978.149414,-424.713135,2.093776
95.489502,978.607178,-428.833008,2.09452
85.05249,974.121094,-431.304932,2.095261
80.932617,965.332031,-421.600342,2.096002
61.157227,971.466064,-421.325684,2.096754
66.467285,976.68457,-405.212402,2.097495
71.868896,942.169189,-421.051025,2.098237
78.460693,943.725586,-430.755615,2.098978
78.735352,933.929443,-423.88916,2.099729
87.982178,939.971924,-402.282715,2.10047
92.834473,952.514648,-389.648438,2.101212
72.601318,952.697754,-423.980713,2.101953
66.558838,931.82373,-447.509766,2.102703
69.396973,923.76709,-455.932617,2.103444
77.178955,928.344727,-429.199219,2.104185
98.693848,943.634033,-425.354004,2.104927
105.560303,930.725098,-463.623047,2.105677
92.926025,917.08374,-479.278564,2.106419
68.481445,894.378662,-498.962402,2.10716
69.580078,872.314453,-486.602783,2.107901
65.460205,906.646729,-491.455078,2.108651
89.538574,963.592529,-473.7854,2.109393
74.707031,981.079102,-436.889648,2.110134
51.727295,972.564697,-449.157715,2.110875
54.656982,949.768066,-495.574951,2.111626
54.840088,955.627441,-495.574951,2.112367
49.621582,981.262207,-449.34082,2.113108
42.938232,997.283936,-415.83252,2.113849
60.974121,1007.629395,-414.825439,2.114599
56.671143,1002.502441,-429.56543,2.115341
60.058594,1009.552002,-413.543701,2.116082
58.685303,1021.270752,-404.663086,2.116824
73.608398,1042.236328,-393.310547,2.117575
74.523926,1053.222656,-379.211426,2.118317
68.023682,1066.680908,-373.168945,2.119058
69.213867,1063.293457,-371.704102,2.119799
77.911377,1054.046631,-372.253418,2.120551
109.954834,1056.976318,-373.626709,2.121292
111.785889,1061.462402,-377.288818,2.122034
105.834961,1065.307617,-370.147705,2.122775
97.961426,1096.069336,-350.189209,2.123526
78.643799,1079.956055,-342.86499,2.124268
83.312988,1087.188721,-346.710205,2.12501
86.975098,1085.266113,-383.605957,2.125752
97.961426,1063.568115,-384.887695,2.126504
104.095459,1060.913086,-397.521973,2.127334
104.46167,1068.237305,-352.203369,2.128076
100.43335,1081.14624,-363.830566,2.128818
114.074707,1090.301514,-367.584229,2.129569
110.137939,1091.85791,-358.703613,2.130309
100.524902,1079.589844,-365.478516,2.131049
100.982666,1073.822021,-392.303467,2.131789
116.821289,1080.505371,-377.746582,2.132539
110.046387,1091.217041,-351.104736,2.133279
101.165771,1094.329834,-344.696045,2.134019
131.103516,1082.519531,-359.619141,2.134759
145.477295,1079.223633,-370.147705,2.13551
126.708984,1077.11792,-372.344971,2.136251
128.356934,1084.716797,-322.631836,2.136991
124.237061,1091.217041,-324.279785,2.137731
135.772705,1093.597412,-342.86499,2.13848
127.075195,1076.11084,-342.590332,2.13922
114.074707,1075.927734,-329.681396,2.13996
127.349854,1068.603516,-350.463867,2.1407
130.371094,1071.44165,-329.681396,2.14145
112.426758,1070.709229,-337.188721,2.142189
138.793945,1062.37793,-333.618164,2.142929
117.279053,1063.018799,-320.617676,2.143668
134.674072,1026.672363,-356.5979,2.14451
127.349854,1010.101318,-382.873535,2.145249
131.835938,1013.031006,-356.689453,2.145989
136.047363,1024.383545,-362.548828,2.146729
138.885498,1020.812988,-333.80127,2.147478
109.313965,1011.566162,-350.097656,2.148218
104.827881,971.282959,-411.346436,2.148966
112.060547,962.860107,-422.241211,2.149723
119.110107,940.795898,-413.085938,2.150497
91.003418,963.043213,-385.070801,2.151239
83.404541,969.360352,-361.816406,2.151979
84.228516,968.902588,-371.520996,2.152719
55.206299,946.746826,-411.16333,2.153466
139.892578,939.788818,-444.030762,2.154206
245.819092,920.288086,-407.775879,2.154945
229.522705,923.034668,-350.006104,2.155685
139.251709,936.584473,-339.935303,2.156435
103.912354,962.493896,-325.927734,2.157175
86.334229,960.9375,-334.80835,2.157915
92.376709,939.056396,-349.822998,2.158654
100.982666,943.450928,-316.314697,2.159403
108.032227,943.450928,-295.898438,2.160143
76.99585,934.753418,-337.738037,2.160883
69.763184,933.105469,-358.337402,2.161625
61.340332,927.337646,-344.055176,2.162379
67.749023,933.288574,-321.899414,2.163119
91.369629,927.154541,-316.223145,2.163859
108.947754,921.386719,-341.949463,2.164599
81.02417,913.146973,-366.851807,2.165353
32.043457,900.054932,-388.366699,2.166095
37.811279,907.104492,-377.838135,2.166836
52.734375,896.30127,-365.478516,2.167576
80.383301,902.709961,-357.055664,2.168327
84.869385,901.245117,-336.273193,2.169067
73.883057,919.921875,-319.152832,2.169806
56.671143,912.872314,-361.358643,2.170546
55.114746,898.223877,-405.12085,2.171297
47.332764,879.730225,-399.993896,2.172038
45.318604,890.716553,-370.697021,2.172777
60.333252,887.420654,-370.880127,2.173517
78.735352,868.011475,-389.831543,2.174269
78.277588,872.314453,-396.240234,2.17501
57.037354,880.371094,-380.859375,2.175749
38.543701,870.483398,-410.15625,2.176489
48.706055,871.582031,-404.205322,2.177238
73.883057,894.927979,-360.26001,2.177979
81.115723,904.907227,-342.498779,2.178719
71.411133,895.202637,-358.520508,2.179458
69.671631,874.786377,-397.796631,2.180209
50.262451,879.730225,-337.554932,2.180949
40.466309,903.167725,-341.400146,2.181689
50.079346,895.202637,-360.534668,2.182428
55.847168,894.561768,-374.450684,2.183177
46.051025,905.181885,-344.421387,2.183917
47.607422,905.731201,-307.525635,2.184657
63.354492,899.871826,-311.828613,2.185396
58.410645,892.272949,-316.955566,2.186145
44.403076,899.597168,-325.378418,2.186886
48.706055,881.835938,-347.259521,2.187626
60.424805,869.750977,-340.118408,2.188366
79.742432,878.631592,-345.245361,2.189115
82.397461,864.532471,-349.731445,2.189855
76.99585,856.658936,-368.774414,2.190595
70.953369,858.856201,-351.470947,2.191334
75.805664,861.51123,-310.455322,2.192085
99.334717,868.927002,-320.800781,2.192825
93.200684,853.546143,-355.957031,2.193565
88.623047,844.573975,-392.486572,2.194304
92.193604,831.573486,-372.161865,2.195054
103.363037,836.517334,-335.449219,2.195794
129.455566,841.369629,-341.766357,2.196533
143.371582,837.06665,-333.618164,2.197273
138.885498,832.305908,-355.59082,2.198023
126.434326,845.489502,-355.224609,2.198881
131.103516,840.454102,-346.984863,2.199625
136.962891,841.003418,-348.449707,2.200365
135.864258,837.982178,-349.731445,2.20112
132.293701,843.383789,-350.55542,2.201861
142.913818,844.482422,-344.87915,2.202601
132.110596,843.658447,-332.061768,2.203341
138.61084,847.869873,-300.109863,2.204091
150.512695,847.412109,-296.264648,2.204831
165.252686,853.179932,-308.258057,2.20557
166.168213,857.574463,-356.323242,2.20631
151.33667,837.432861,-367.767334,2.207059
121.490479,826.538086,-328.948975,2.207799
144.287109,835.418701,-293.334961,2.208539
150.421143,845.76416,-298.64502,2.209278
172.851562,828.00293,-294.342041,2.210029
194.000244,838.165283,-287.29248,2.21077
192.626953,833.770752,-296.905518,2.21151
195.556641,830.383301,-313.842773,2.21225
177.978516,822.418213,-335.266113,2.213004
171.203613,825.622559,-277.130127,2.213745
179.077148,834.411621,-244.995117,2.214485
173.217773,832.03125,-305.603027,2.215224
173.309326,817.016602,-354.217529,2.215974
184.295654,784.606934,-333.1604,2.216715
184.204102,798.522949,-287.384033,2.217455
177.337646,806.396484,-279.052734,2.218195
184.570312,822.052002,-301.391602,2.218944
191.070557,836.242676,-318.42041,2.219684
185.852051,824.432373,-325.195312,2.220428
199.127197,809.051514,-293.609619,2.221183
199.127197,804.473877,-281.341553,2.221951
204.89502,801.9104,-306.610107,2.222692
208.557129,798.522949,-302.856445,2.223431
208.648682,800.262451,-305.328369,2.224171
206.726074,806.304932,-308.990479,2.22492
199.401855,811.889648,-251.312256,2.22566
195.19043,820.953369,-264.587402,2.2264
200.042725,812.530518,-290.313721,2.227139
201.141357,796.966553,-307.800293,2.227888
225.402832,803.009033,-288.299561,2.228628
250.396729,813.262939,-280.517578,2.229368
265.960693,812.62207,-282.440186,2.230107
215.240479,811.798096,-266.876221,2.230856
200.683594,810.516357,-284.820557,2.231596
234.741211,805.389404,-288.94043,2.232337
242.06543,797.332764,-268.615723,2.233078
237.670898,811.248779,-253.143311,2.233828
187.866211,803.375244,-298.736572,2.234568
183.288574,800.90332,-288.391113,2.235307
206.726074,795.135498,-244.720459,2.236048
200.683594,807.128906,-251.037598,2.236798
200.317383,808.227539,-249.481201,2.237538
211.029053,796.966553,-230.621338,2.238278
191.986084,798.156738,-280.700684,2.239018
147.766113,796.051025,-303.955078,2.239767
164.154053,792.205811,-321.624756,2.240507
174.133301,779.663086,-265.319824,2.241247
192.169189,781.036377,-238.769531,2.241987
209.014893,792.022705,-296.081543,2.242738
185.577393,786.254883,-317.596436,2.243478
119.384766,764.190674,-295.898438,2.244218
118.560791,774.810791,-270.53833,2.244958
166.900635,781.036377,-297.363281,2.245712
207.550049,769.317627,-307.70874,2.246452
202.423096,768.310547,-358.428955,2.247192
182.4646,765.472412,-381.774902,2.247932
176.422119,760.620117,-297.637939,2.24868
149.963379,757.141113,-259.002686,2.24942
86.791992,720.52002,-252.410889,2.25016
74.890137,699.279785,-283.081055,2.250899
73.699951,696.990967,-262.298584,2.251648
72.32666,675.750732,-331.329346,2.252388
73.974609,666.778564,-338.745117,2.253127
58.135986,662.109375,-302.581787,2.253867
66.833496,669.98291,-270.263672,2.254477
83.953857,683.441162,-361.724854,2.255216
69.488525,680.603027,-352.661133,2.255955
131.652832,706.604004,-305.603027,2.256695
216.064453,766.479492,-213.134766,2.257444
212.219238,790.008545,-318.145752,2.258184
101.806641,778.381348,-343.597412,2.258924
55.755615,726.013184,-438.720703,2.259663
58.044434,711.82251,-452.636719,2.260412
91.552734,672.088623,-461.151123,2.261152
63.903809,642.333984,-458.496094,2.261892
102.172852,617.156982,-420.86792,2.262632
127.807617,605.438232,-428.375244,2.26338
100.067139,585.9375,-438.62915,2.26412
-25.177002,559.204102,-476.165771,2.26486
-51.818848,575.317383,-584.197998,2.265599
72.509766,601.867676,-589.96582,2.266348
226.867676,626.77002,-591.522217,2.267087
223.571777,624.847412,-579.711914,2.267826
207.458496,579.620361,-691.589355,2.268566
194.549561,505.187988,-816.101074,2.269397
173.492432,473.7854,-816.28418,2.270137
190.612793,480.46875,-875.152588,2.270877
140.625,500.701904,-924.77417,2.271616
64.27002,518.829346,-901.885986,2.272366
127.807617,587.310791,-807.495117,2.273105
171.661377,607.727051,-822.784424,2.273846
186.676025,563.50708,-843.109131,2.274585
152.252197,483.581543,-876.708984,2.275335
399.261475,479.095459,-914.428711,2.276075
402.099609,555.999756,-945.922852,2.276815
-568.359375,420.501709,-557.556152,2.277554
-1690.246582,303.131104,-555.725098,2.278301
-1346.923828,330.688477,-687.286377,2.279039
-631.256104,207.641602,-656.799316,2.27978
1190.460205,376.739502,-697.631836,2.28054
1352.69165,500.610352,-775.726318,2.281282
1210.601807,508.850098,-699.188232,2.282023
-299.102783,252.685547,-641.967773,2.282764
-705.780029,241.882324,-568.17627,2.283506
-979.3396,234.741211,-573.669434,2.284247
-548.858643,240.05127,-680.236816,2.284988
-156.005859,394.683838,-715.301514,2.285729
-45.043945,504.547119,-724.639893,2.28648
46.966553,674.377441,-631.439209,2.287222
-119.567871,667.236328,-509.674072,2.287963
1451.751709,824.981689,-548.217773,2.288703
1774.108887,676.66626,-487.976074,2.289448
549.77417,547.393799,-486.328125,2.290196
-286.834717,514.526367,-609.191895,2.290937
-128.814697,475.616455,-613.494873,2.29168
817.382812,745.330811,-635.467529,2.292441
456.481934,839.172363,-602.69165,2.293207
526.33667,840.545654,-502.075195,2.293955
359.069824,852.630615,-499.145508,2.294696
325.378418,902.526855,-448.699951,2.295437
301.025391,902.435303,-399.993896,2.296178
189.147949,828.918457,-417.84668,2.296918
82.672119,751.373291,-505.737305,2.297659
38.635254,747.711182,-534.210205,2.2984
274.841309,666.412354,-585.479736,2.299141
223.205566,677.124023,-693.054199,2.299882
275.024414,781.585693,-637.207031,2.300623
354.217529,910.766602,-502.258301,2.301365
287.109375,894.561768,-476.348877,2.302106
-18.951416,898.956299,-485.137939,2.302846
68.481445,885.498047,-430.297852,2.303587
145.019531,863.891602,-447.235107,2.304344
158.111572,828.826904,-509.857178,2.305086
116.638184,813.446045,-533.752441,2.305826
124.328613,776.000977,-525.421143,2.306568
71.044922,740.844727,-572.479248,2.307321
63.079834,987.762451,-507.019043,2.308062
161.132812,1126.00708,-274.108887,2.308803
145.843506,1099.273682,-207.550049,2.309544
47.149658,1037.384033,-247.467041,2.310293
30.578613,944.274902,-421.875,2.311034
7.049561,965.606689,-519.927979,2.311776
88.165283,987.030029,-440.2771,2.312518
34.240723,958.831787,-280.792236,2.31327
-48.156738,967.895508,-309.356689,2.314011
-114.440918,1063.110352,-356.506348,2.314753
-79.925537,1075.653076,-320.526123,2.315494
-81.207275,1144.775391,-193.634033,2.316244
-6.317139,1174.530029,-134.490967,2.316985
-21.972656,1159.423828,-169.921875,2.317725
-276.031494,1071.807861,-240.41748,2.318466
-286.560059,1034.637451,-342.224121,2.319216
-305.786133,1072.998047,-363.647461,2.319957
-367.584229,1134.613037,-275.665283,2.320697
-325.927734,1089.202881,-205.444336,2.321438
-445.770264,1199.798584,-87.799072,2.322188
-480.560303,1279.907227,161.407471,2.322929
-593.719482,1324.859619,209.472656,2.32367
-607.910156,1360.565186,131.835938,2.324412
-513.977051,1371.368408,88.07373,2.325156
-271.270752,1329.162598,20.233154,2.325897
-174.591064,1231.292725,-53.833008,2.326637
-369.415283,1205.657959,-80.01709,2.327378
-155.639648,1130.950928,-205.718994,2.32813
16.204834,1091.85791,-344.787598,2.328871
339.294434,1021.270752,-389.465332,2.329612
345.88623,940.612793,-492.736816,2.330353
384.796143,919.647217,-539.154053,2.331103
593.811035,899.688721,-614.685059,2.331844
764.831543,998.657227,-509.490967,2.332594
822.143555,1309.753418,-335.266113,2.333335
955.078125,1603.912354,94.299316,2.334076
957.366943,1690.338135,426.818848,2.334817
740.020752,1668.182373,506.835938,2.335561
634.460449,1584.411621,564.239502,2.336306
645.355225,1553.375244,503.631592,2.337045
454.650879,1499.267578,244.812012,2.337787
357.055664,1464.111328,110.961914,2.338528
176.971436,1299.407959,66.650391,2.339269
-54.290771,1169.586182,-57.220459,2.340112
-152.160645,1130.0354,-202.606201,2.340854
-328.948975,1058.074951,-249.664307,2.341595
-444.030762,1001.77002,-282.897949,2.342336
-462.158203,988.769531,-269.53125,2.343077
-460.876465,997.10083,-234.741211,2.343817
-447.418213,1028.320312,-175.872803,2.344558
-410.614014,1029.693604,-144.287109,2.3453
-370.513916,1039.306641,-139.068604,2.346053
-348.907471,1037.750244,-218.902588,2.346795
-232.635498,988.037109,-263.122559,2.347536
-168.182373,877.258301,-383.239746,2.348277
0.915527,827.087402,-459.869385,2.34902
155.36499,748.99292,-583.190918,2.349762
201.049805,712.646484,-652.954102,2.350503
256.988525,662.658691,-680.328369,2.351244
268.341064,663.299561,-672.546387,2.351995
234.832764,688.018799,-636.657715,2.352735
173.675537,730.59082,-530.822754,2.353475
131.92749,752.01416,-414.367676,2.354215
51.269531,786.529541,-369.9646,2.354964
6.408691,813.62915,-318.145752,2.355704
-4.943848,813.537598,-352.020264,2.356443
27.923584,791.290283,-374.816895,2.357182
47.698975,754.302979,-452.362061,2.357923
105.46875,738.372803,-485.137939,2.358664
155.090332,708.1604,-543.823242,2.359404
175.872803,701.568604,-556.82373,2.360143
186.218262,686.096191,-560.48584,2.360884
179.077148,705.322266,-516.906738,2.361623
150.32959,724.914551,-490.997314,2.362368
116.455078,743.225098,-434.234619,2.363121
89.996338,751.831055,-394.317627,2.363865
59.692383,767.669678,-393.676758,2.364605
56.488037,754.302979,-407.592773,2.365344
65.185547,754.760742,-453.552246,2.366084
85.693359,724.365234,-465.545654,2.366823
102.813721,705.505371,-511.138916,2.367563
139.068604,691.955566,-528.442383,2.368303
158.935547,682.800293,-531.921387,2.369043
159.484863,682.617188,-509.857178,2.369797
150.238037,684.906006,-495.574951,2.370537
139.068604,705.047607,-464.172363,2.371277
112.609863,712.371826,-460.418701,2.372017
89.538574,718.505859,-433.135986,2.372764
86.608887,724.182129,-437.438965,2.373503
88.897705,713.470459,-448.699951,2.374243
94.024658,706.878662,-470.947266,2.374983
103.729248,696.624756,-489.074707,2.375723
123.046875,695.251465,-507.110596,2.376463
126.342773,690.948486,-509.216309,2.377204
129.089355,684.997559,-514.801025,2.377944
119.934082,684.631348,-496.490479,2.378684
119.20166,688.201904,-481.933594,2.379424
99.334717,699.737549,-460.235596,2.380164
98.144531,700.469971,-445.404053,2.380904
86.700439,697.814941,-443.939209,2.381643
90.087891,699.829102,-450.3479,2.382383
94.75708,694.793701,-469.940186,2.383122
110.50415,696.166992,-474.060059,2.383862
107.391357,685.913086,-488.342285,2.38461
107.299805,679.412842,-493.377686,2.385351
98.236084,678.314209,-509.674072,2.38609
95.947266,684.356689,-509.58252,2.386829
89.080811,688.751221,-502.716064,2.387578
82.672119,697.174072,-475.250244,2.388318
75.531006,705.230713,-476.348877,2.389058
76.263428,720.336914,-467.926025,2.389797
75.98877,743.31665,-462.982178,2.390537
82.489014,737.915039,-463.897705,2.391279
79.376221,736.450195,-465.820312,2.392019
77.270508,735.992432,-477.081299,2.39276
70.861816,730.316162,-477.722168,2.3935
65.734863,734.436035,-487.792969,2.39424
56.671143,739.105225,-483.856201,2.39498
55.480957,748.901367,-482.574463,2.39572
59.417725,757.598877,-479.370117,2.396468
51.818848,760.528564,-472.503662,2.397209
58.044434,763.641357,-463.7146,2.397949
65.2771,763.549805,-466.278076,2.398688
63.903809,766.845703,-480.834961,2.399436
67.565918,778.289795,-483.032227,2.400176
59.417725,775.085449,-489.349365,2.400916
29.937744,770.141602,-482.48291,2.401656
35.797119,774.993896,-488.800049,2.402395
26.45874,782.867432,-473.876953,2.403144
22.43042,787.078857,-470.672607,2.403884
33.14209,789.642334,-470.581055,2.404623
37.994385,786.712646,-470.947266,2.405363
43.304443,792.297363,-475.250244,2.406112
54.107666,784.881592,-484.49707,2.406852
57.678223,773.895264,-497.314453,2.407592
63.262939,771.789551,-500.152588,2.408332
53.283691,772.613525,-507.476807,2.409081
47.332764,796.600342,-500.061035,2.409821
39.916992,775.360107,-503.265381,2.410561
33.416748,784.698486,-489.349365,2.411392
24.536133,789.276123,-471.862793,2.412133
23.254395,793.121338,-473.510742,2.412873
30.029297,799.530029,-473.7854,2.413612
35.430908,797.698975,-479.095459,2.414363
45.410156,801.544189,-473.236084,2.415103
48.797607,794.952393,-488.983154,2.415842
46.234131,789.916992,-495.666504,2.416582
49.987793,786.712646,-510.864258,2.41733
40.283203,782.775879,-512.054443,2.41807
47.058105,783.966064,-511.871338,2.41881
38.17749,782.592773,-502.441406,2.419549
43.487549,786.804199,-496.398926,2.420289
52.642822,796.875,-481.384277,2.421028
47.607422,800.079346,-474.334717,2.421768
50.170898,791.107178,-477.813721,2.422516
51.361084,783.233643,-483.032227,2.423259
48.88916,780.944824,-495.20874,2.423999
51.727295,779.663086,-497.680664,2.424739
53.192139,776.550293,-508.117676,2.425479
46.234131,769.042969,-514.526367,2.426219
55.938721,765.838623,-513.885498,2.42696
58.59375,763.824463,-506.195068,2.427699
56.030273,768.218994,-498.504639,2.428439
60.424805,767.852783,-492.736816,2.42918
57.769775,774.261475,-512.60376,2.42992
61.431885,768.768311,-499.145508,2.430661
59.509277,766.021729,-499.420166,2.431401
57.495117,770.690918,-499.603271,2.432141
57.312012,758.239746,-512.145996,2.432884
49.89624,764.099121,-510.772705,2.433634
50.170898,750.0,-516.63208,2.434408
45.410156,752.746582,-517.913818,2.435156
48.88916,751.556396,-517.730713,2.435896
55.023193,753.845215,-516.63208,2.436636
60.424805,756.500244,-516.906738,2.437376
61.981201,755.859375,-519.287109,2.438138
65.917969,755.493164,-527.893066,2.438878
63.446045,750.640869,-535.491943,2.439618
60.882568,745.605469,-535.858154,2.440357
56.854248,749.633789,-529.998779,2.441099
46.966553,754.669189,-532.287598,2.441838
46.600342,769.40918,-514.526367,2.442579
45.86792,769.40918,-505.645752,2.443319
45.227051,769.592285,-507.659912,2.444068
50.90332,780.853271,-507.843018,2.444809
54.290771,775.817871,-507.385254,2.445549
64.727783,773.254395,-506.561279,2.446289
67.932129,778.839111,-520.294189,2.447029
59.051514,767.211914,-522.30835,2.447769
62.896729,775.360107,-528.442383,2.448509
57.495117,767.303467,-527.984619,2.44925
59.783936,784.14917,-520.935059,2.450002
53.466797,780.395508,-516.723633,2.450755
45.135498,786.071777,-513.336182,2.451516
54.016113,793.579102,-504.364014,2.452277
52.368164,796.417236,-504.638672,2.453054
53.192139,801.544189,-504.638672,2.453807
57.312012,792.572021,-512.512207,2.454563
59.783936,793.395996,-521.575928,2.455319
58.685303,795.135498,-524.597168,2.456094
73.516846,791.015625,-531.188965,2.45686
69.946289,794.769287,-526.245117,2.457615
72.052002,800.720215,-522.216797,2.458389
70.953369,805.023193,-511.962891,2.459176
59.234619,811.065674,-516.998291,2.45993
63.995361,813.079834,-520.019531,2.46068
66.925049,812.164307,-525.146484,2.461438
67.108154,809.60083,-533.935547,2.462219
65.2771,805.847168,-541.07666,2.462967
73.699951,805.755615,-541.351318,2.463706
74.34082,800.811768,-531.646729,2.464446
75.3479,809.692383,-539.337158,2.465197
71.594238,822.509766,-527.069092,2.465938
71.044922,816.925049,-520.843506,2.466678
67.840576,825.256348,-524.505615,2.467417
69.30542,830.291748,-512.786865,2.468117
73.608398,831.481934,-511.688232,2.468857
75.714111,834.228516,-518.737793,2.469596
78.735352,835.784912,-518.280029,2.470336
81.848145,835.05249,-520.843506,2.471086
87.06665,829.193115,-527.618408,2.471826
90.637207,840.179443,-526.519775,2.472565
85.601807,835.876465,-527.893066,2.473304
83.770752,839.263916,-518.64624,2.474053
74.615479,849.060059,-511.047363,2.474793
76.629639,852.081299,-510.406494,2.475533
71.31958,851.898193,-510.864258,2.476272
79.833984,854.736328,-517.364502,2.477021
83.770752,856.933594,-525.878906,2.47776
87.70752,848.693848,-530.822754,2.478499
88.07373,842.193604,-533.752441,2.479239
95.214844,847.503662,-539.978027,2.479956
93.200684,831.848145,-531.188965,2.480696
84.960938,866.18042,-528.991699,2.481436
86.517334,844.940186,-527.709961,2.482176
86.608887,842.559814,-519.378662,2.482926
88.07373,849.609375,-509.124756,2.483751
73.608398,845.76416,-529.083252,2.484493
76.904297,843.383789,-523.681641,2.485232
74.249268,843.566895,-528.076172,2.485987
88.439941,845.214844,-531.646729,2.486727
91.461182,843.017578,-531.280518,2.487467
91.827393,838.897705,-531.738281,2.488206
96.313477,841.369629,-533.38623,2.488956
98.602295,842.559814,-527.252197,2.489696
94.482422,846.038818,-529.266357,2.490435
87.341309,851.806641,-522.491455,2.491175
89.538574,856.201172,-517.913818,2.491926
86.700439,846.588135,-524.32251,2.492665
86.883545,840.362549,-524.597168,2.493405
91.003418,849.243164,-524.871826,2.494145
117.004395,845.214844,-529.998779,2.494893
96.130371,853.179932,-534.576416,2.495633
92.102051,847.320557,-527.160645,2.496373
95.306396,846.77124,-535.766602,2.497113
92.102051,850.43335,-531.37207,2.497864
85.144043,837.341309,-532.196045,2.498603
89.72168,845.76416,-551.147461,2.499343
85.235596,843.658447,-537.689209,2.500083
86.975098,846.954346,-536.407471,2.50083
99.334717,846.679688,-532.836914,2.501568
104.553223,849.609375,-541.534424,2.502306
99.060059,845.581055,-536.865234,2.503064
96.496582,843.292236,-532.745361,2.503818
106.018066,840.362549,-536.773682,2.504566
91.73584,840.454102,-537.322998,2.505312
89.72168,839.904785,-540.252686,2.506059
94.024658,842.74292,-534.759521,2.506831
88.439941,833.221436,-543.548584,2.507577
83.587646,839.447021,-539.611816,2.508316
91.644287,834.960938,-539.886475,2.509056
86.242676,828.918457,-547.302246,2.509805
94.940186,831.115723,-536.956787,2.510544
70.3125,834.411621,-540.344238,2.511284
96.038818,836.334229,-539.337158,2.512023
93.566895,827.911377,-538.604736,2.512772
88.165283,831.665039,-545.654297,2.513513
79.742432,827.178955,-545.196533,2.514255
81.115723,830.108643,-540.161133,2.514999
82.397461,830.01709,-549.407959,2.515762
76.080322,829.193115,-547.485352,2.516506
74.249268,831.02417,-545.196533,2.517246
72.052002,830.474854,-540.985107,2.517986
76.538086,823.425293,-553.344727,2.51874
79.833984,821.960449,-546.112061,2.519481
81.665039,826.263428,-541.717529,2.520221
76.99585,824.066162,-540.527344,2.520962
78.826904,822.418213,-520.477295,2.521719
71.960449,822.509766,-531.738281,2.52246
67.199707,823.699951,-529.724121,2.5232
74.432373,823.883057,-527.34375,2.523939
